book_id,title,author,isbn,subject_area,genre,mood,tags,summary,publication_year,edition,language,page_count,rating
1,Midnight's Children,Salman Rushdie,9789324159205,Fiction/Stories,Magical Realism,Thought-provoking | Mysterious,magical realism;fiction;novel;leisure-reading;story,"In prose that lingers, Salman Rushdie follows individuals confronting change in a world that refuses to stay still. Written in the tradition of magical realism, ""Midnight's Children"" explores themes of identity, belonging, and the choices that define a life. The book's accessible style and emotional honesty have made it a staple recommendation for readers of all ages.",1981,Reprint Edition,English,130,4.7
2,The God of Small Things,Arundhati Roy,9789391980573,Fiction/Stories,Literary Fiction,Historical | Dark,literary fiction;fiction;novel;leisure-reading;story,"Spanning years and relationships, this literary fiction traces a protagonist forced to navigate love, loyalty, and the weight of the past. Written in the tradition of literary fiction, ""The God of Small Things"" explores themes of identity, belonging, and the choices that define a life. Its blend of atmosphere and character work has made it an enduring favourite for library borrowers.",1997,Special Edition,English,512,4.9
3,A Suitable Boy,Vikram Seth,9780784776377,Fiction/Stories,Literary Fiction,Romantic | Fast-paced,literary fiction;fiction;novel;leisure-reading;story,"This literary fiction follows a cast of characters whose fates intertwine in unexpected ways. Written in the tradition of literary fiction, ""A Suitable Boy"" explores themes of identity, belonging, and the choices that define a life. The result is a story that lingers well beyond its final page, popular among readers who return to it again and again.",1993,1st Edition,English,545,3.9
4,A Fine Balance,Rohinton Mistry,9781890423414,Fiction/Stories,Literary Fiction,Thrilling | Fast-paced,literary fiction;fiction;novel;leisure-reading;story,"Set against a richly drawn backdrop, this literary fiction follows characters whose choices ripple across family, community, and circumstance. Written in the tradition of literary fiction, ""A Fine Balance"" explores themes of identity, belonging, and the choices that define a life. Its blend of atmosphere and character work has made it an enduring favourite for library borrowers.",1995,Special Edition,English,572,4.3
5,The Inheritance of Loss,Kiran Desai,9781352080575,Fiction/Stories,Literary Fiction,Dark,literary fiction;fiction;novel;leisure-reading;story,"This literary fiction follows a journey that tests conviction as much as courage. Written in the tradition of literary fiction, ""The Inheritance of Loss"" explores themes of identity, belonging, and the choices that define a life. The novel balances emotional depth with narrative pace, making it a perennial favourite among Indian readers.",2006,Special Edition,English,295,3.6
6,Em and the Big Hoom,Jerry Pinto,9789359104898,Fiction/Stories,Literary Fiction,Fast-paced,literary fiction;fiction;novel;leisure-reading;story,"Set against a richly drawn backdrop, this literary fiction follows individuals confronting change in a world that refuses to stay still. Written in the tradition of literary fiction, ""Em and the Big Hoom"" explores themes of identity, belonging, and the choices that define a life. The novel balances emotional depth with narrative pace, making it a perennial favourite among Indian readers.",2012,Special Edition,English,511,3.4
7,The Namesake,Jhumpa Lahiri,9789339415372,Fiction/Stories,Literary Fiction,Fast-paced | Hopeful,literary fiction;fiction;novel;leisure-reading;story,"A memorable entry in literary fiction, the story follows a central figure caught between duty and desire. Written in the tradition of literary fiction, ""The Namesake"" explores themes of identity, belonging, and the choices that define a life. The book's accessible style and emotional honesty have made it a staple recommendation for readers of all ages.",2003,Reprint Edition,English,265,3.4
8,Interpreter of Maladies,Jhumpa Lahiri,9780989480857,Fiction/Stories,Short Stories,Magical | Educational,short stories;fiction;novel;leisure-reading;story,"Set against a richly drawn backdrop, this short stories follows lives shaped by history, tradition, and the quiet pressure of expectation. Written in the tradition of short stories, ""Interpreter of Maladies"" explores themes of identity, belonging, and the choices that define a life. It has earned a lasting place among readers who value a story that is both moving and memorable.",1999,Paperback Edition,English,563,4.3
9,The Lowland,Jhumpa Lahiri,9781635232288,Fiction/Stories,Literary Fiction,Funny | Fast-paced,literary fiction;fiction;novel;leisure-reading;story,"A memorable entry in literary fiction, the story follows a central figure caught between duty and desire. Written in the tradition of literary fiction, ""The Lowland"" explores themes of identity, belonging, and the choices that define a life. The result is a story that lingers well beyond its final page, popular among readers who return to it again and again.",2013,1st Edition,English,309,4.7
10,Train to Pakistan,Khushwant Singh,9781789536058,Fiction/Stories,Historical Fiction,Relaxing | Hopeful,historical fiction;fiction;novel;leisure-reading;story;history,"This historical fiction follows a protagonist forced to navigate love, loyalty, and the weight of the past. Written in the tradition of historical fiction, ""Train to Pakistan"" explores themes of identity, belonging, and the choices that define a life. It has earned a lasting place among readers who value a story that is both moving and memorable.",1956,1st Edition,English,291,3.9
11,Delhi: A Novel,Khushwant Singh,9780255337618,Fiction/Stories,Historical Fiction,Dark,historical fiction;fiction;novel;leisure-reading;story;history,"A memorable entry in historical fiction, the story follows a cast of characters whose fates intertwine in unexpected ways. Written in the tradition of historical fiction, ""Delhi: A Novel"" explores themes of identity, belonging, and the choices that define a life. It remains a favourite on library shelves across India, cherished for its warmth and honesty.",1990,Popular Edition,English,602,3.5
12,The Shadow Lines,Amitav Ghosh,9789393205278,Fiction/Stories,Literary Fiction,Mysterious | Inspirational | Historical,literary fiction;fiction;novel;leisure-reading;story,"Spanning years and relationships, this literary fiction traces a central figure caught between duty and desire. Written in the tradition of literary fiction, ""The Shadow Lines"" explores themes of identity, belonging, and the choices that define a life. It has earned a lasting place among readers who value a story that is both moving and memorable.",1988,Paperback Edition,English,168,3.4
13,Sea of Poppies,Amitav Ghosh,9780371831687,Fiction/Stories,Historical Fiction,Educational | Dark,historical fiction;fiction;novel;leisure-reading;story;history,"This historical fiction follows characters whose choices ripple across family, community, and circumstance. Written in the tradition of historical fiction, ""Sea of Poppies"" explores themes of identity, belonging, and the choices that define a life. The book's accessible style and emotional honesty have made it a staple recommendation for readers of all ages.",2008,Popular Edition,English,602,3.7
14,The Hungry Tide,Amitav Ghosh,9789381513989,Fiction/Stories,Literary Fiction,Thrilling | Funny | Mysterious,literary fiction;fiction;novel;leisure-reading;story,"Told with a distinct narrative voice, this novel follows a journey that tests conviction as much as courage. Written in the tradition of literary fiction, ""The Hungry Tide"" explores themes of identity, belonging, and the choices that define a life. Its blend of atmosphere and character work has made it an enduring favourite for library borrowers.",2004,Special Edition,English,279,3.7
15,The Guide,R.K. Narayan,9789312863237,Fiction/Stories,Literary Fiction,Adventure,literary fiction;fiction;novel;leisure-reading;story,"Told with a distinct narrative voice, this novel follows individuals confronting change in a world that refuses to stay still. Written in the tradition of literary fiction, ""The Guide"" explores themes of identity, belonging, and the choices that define a life. It has earned a lasting place among readers who value a story that is both moving and memorable.",1958,Paperback Edition,English,213,4.1
16,Malgudi Days,R.K. Narayan,9780958452526,Fiction/Stories,Short Stories,Fantasy | Mysterious | Magical,short stories;fiction;novel;leisure-reading;story,"This short stories follows individuals confronting change in a world that refuses to stay still. Written in the tradition of short stories, ""Malgudi Days"" explores themes of identity, belonging, and the choices that define a life. Widely read and re-read, it continues to resonate with readers looking for both entertainment and insight.",1943,Paperback Edition,English,301,4.3
17,Swami and Friends,R.K. Narayan,9780425389546,Fiction/Stories,Literary Fiction,Relaxing,literary fiction;fiction;novel;leisure-reading;story,"In prose that lingers, R.K. Narayan follows individuals confronting change in a world that refuses to stay still. Written in the tradition of literary fiction, ""Swami and Friends"" explores themes of identity, belonging, and the choices that define a life. It remains a favourite on library shelves across India, cherished for its warmth and honesty.",1935,1st Edition,English,195,4.7
18,The English Teacher,R.K. Narayan,9780402333371,Fiction/Stories,Literary Fiction,Magical,literary fiction;fiction;novel;leisure-reading;story,"In prose that lingers, R.K. Narayan follows a central figure caught between duty and desire. Written in the tradition of literary fiction, ""The English Teacher"" explores themes of identity, belonging, and the choices that define a life. The book's accessible style and emotional honesty have made it a staple recommendation for readers of all ages.",1945,Paperback Edition,English,122,4.8
19,Kanthapura,Raja Rao,9780740761140,Fiction/Stories,Literary Fiction,Fantasy | Magical,literary fiction;fiction;novel;leisure-reading;story,"A memorable entry in literary fiction, the story follows a central figure caught between duty and desire. Written in the tradition of literary fiction, ""Kanthapura"" explores themes of identity, belonging, and the choices that define a life. Widely read and re-read, it continues to resonate with readers looking for both entertainment and insight.",1938,Popular Edition,English,469,3.6
20,Untouchable,Mulk Raj Anand,9780727918567,Fiction/Stories,Literary Fiction,Relaxing | Adventure | Funny,literary fiction;fiction;novel;leisure-reading;story,"Set against a richly drawn backdrop, this literary fiction follows characters whose choices ripple across family, community, and circumstance. Written in the tradition of literary fiction, ""Untouchable"" explores themes of identity, belonging, and the choices that define a life. It has earned a lasting place among readers who value a story that is both moving and memorable.",1935,Popular Edition,English,426,4.8
21,Coolie,Mulk Raj Anand,9780431328218,Fiction/Stories,Literary Fiction,Epic,literary fiction;fiction;novel;leisure-reading;story,"A memorable entry in literary fiction, the story follows a cast of characters whose fates intertwine in unexpected ways. Written in the tradition of literary fiction, ""Coolie"" explores themes of identity, belonging, and the choices that define a life. Its blend of atmosphere and character work has made it an enduring favourite for library borrowers.",1936,Popular Edition,English,144,4.1
22,The White Tiger,Aravind Adiga,9780813107356,Fiction/Stories,Literary Fiction,Educational,literary fiction;fiction;novel;leisure-reading;story,"Told with a distinct narrative voice, this novel follows a cast of characters whose fates intertwine in unexpected ways. Written in the tradition of literary fiction, ""The White Tiger"" explores themes of identity, belonging, and the choices that define a life. The result is a story that lingers well beyond its final page, popular among readers who return to it again and again.",2008,Popular Edition,English,541,4.7
23,Last Man in Tower,Aravind Adiga,9780353715530,Fiction/Stories,Literary Fiction,Fast-paced,literary fiction;fiction;novel;leisure-reading;story,"Told with a distinct narrative voice, this novel follows a central figure caught between duty and desire. Written in the tradition of literary fiction, ""Last Man in Tower"" explores themes of identity, belonging, and the choices that define a life. The book's accessible style and emotional honesty have made it a staple recommendation for readers of all ages.",2011,Special Edition,English,235,4.0
24,Selection Day,Aravind Adiga,9780053933760,Fiction/Stories,Literary Fiction,Fantasy | Romantic,literary fiction;fiction;novel;leisure-reading;story,"Set against a richly drawn backdrop, this literary fiction follows characters whose choices ripple across family, community, and circumstance. Written in the tradition of literary fiction, ""Selection Day"" explores themes of identity, belonging, and the choices that define a life. The book's accessible style and emotional honesty have made it a staple recommendation for readers of all ages.",2016,Paperback Edition,English,506,4.0
25,Sacred Games,Vikram Chandra,9781087194486,Fiction/Stories,Crime Fiction,Thought-provoking,crime fiction;fiction;novel;leisure-reading;story;suspense,"Set against a richly drawn backdrop, this crime fiction follows a central figure caught between duty and desire. Written in the tradition of crime fiction, ""Sacred Games"" explores themes of identity, belonging, and the choices that define a life. The novel balances emotional depth with narrative pace, making it a perennial favourite among Indian readers.",2006,Paperback Edition,English,548,4.0
26,Red Earth and Pouring Rain,Vikram Chandra,9789363164697,Fiction/Stories,Literary Fiction,Suspenseful | Dark,literary fiction;fiction;novel;leisure-reading;story,"A memorable entry in literary fiction, the story follows characters whose choices ripple across family, community, and circumstance. Written in the tradition of literary fiction, ""Red Earth and Pouring Rain"" explores themes of identity, belonging, and the choices that define a life. It remains a favourite on library shelves across India, cherished for its warmth and honesty.",1995,Popular Edition,English,612,4.1
27,The Palace of Illusions,Chitra Banerjee Divakaruni,9789316201097,Fiction/Stories,Mythological Fiction,Mysterious,mythological fiction;fiction;novel;leisure-reading;story;indian-mythology,"Set against a richly drawn backdrop, this mythological fiction follows a protagonist forced to navigate love, loyalty, and the weight of the past. Written in the tradition of mythological fiction, ""The Palace of Illusions"" explores themes of identity, belonging, and the choices that define a life. It has earned a lasting place among readers who value a story that is both moving and memorable.",2008,Popular Edition,English,209,3.4
28,Sister of My Heart,Chitra Banerjee Divakaruni,9781888882827,Fiction/Stories,Literary Fiction,Romantic,literary fiction;fiction;novel;leisure-reading;story,"A memorable entry in literary fiction, the story follows a central figure caught between duty and desire. Written in the tradition of literary fiction, ""Sister of My Heart"" explores themes of identity, belonging, and the choices that define a life. It has earned a lasting place among readers who value a story that is both moving and memorable.",1999,Reprint Edition,English,530,3.9
29,The Mistress of Spices,Chitra Banerjee Divakaruni,9789376153824,Fiction/Stories,Magical Realism,Mysterious | Educational | Emotional,magical realism;fiction;novel;leisure-reading;story,"In prose that lingers, Chitra Banerjee Divakaruni follows a journey that tests conviction as much as courage. Written in the tradition of magical realism, ""The Mistress of Spices"" explores themes of identity, belonging, and the choices that define a life. It has earned a lasting place among readers who value a story that is both moving and memorable.",1997,Popular Edition,English,323,4.7
30,One Amazing Thing,Chitra Banerjee Divakaruni,9780329269456,Fiction/Stories,Literary Fiction,Educational | Inspirational | Suspenseful,literary fiction;fiction;novel;leisure-reading;story,"This literary fiction follows characters whose choices ripple across family, community, and circumstance. Written in the tradition of literary fiction, ""One Amazing Thing"" explores themes of identity, belonging, and the choices that define a life. It has earned a lasting place among readers who value a story that is both moving and memorable.",2010,Reprint Edition,English,146,3.6
31,The Great Indian Novel,Shashi Tharoor,9781183971868,Fiction/Stories,Satire,Heartwarming | Funny,satire;fiction;novel;leisure-reading;story,"Set against a richly drawn backdrop, this satire follows individuals confronting change in a world that refuses to stay still. Written in the tradition of satire, ""The Great Indian Novel"" explores themes of identity, belonging, and the choices that define a life. Widely read and re-read, it continues to resonate with readers looking for both entertainment and insight.",1989,Popular Edition,English,457,4.1
32,Riot,Shashi Tharoor,9780145736583,Fiction/Stories,Literary Fiction,Educational | Epic | Thought-provoking,literary fiction;fiction;novel;leisure-reading;story,"A memorable entry in literary fiction, the story follows a protagonist forced to navigate love, loyalty, and the weight of the past. Written in the tradition of literary fiction, ""Riot"" explores themes of identity, belonging, and the choices that define a life. The novel balances emotional depth with narrative pace, making it a perennial favourite among Indian readers.",2001,Reprint Edition,English,273,3.6
33,Show Business,Shashi Tharoor,9781350465428,Fiction/Stories,Satire,Thrilling | Mysterious,satire;fiction;novel;leisure-reading;story,"Told with a distinct narrative voice, this novel follows a cast of characters whose fates intertwine in unexpected ways. Written in the tradition of satire, ""Show Business"" explores themes of identity, belonging, and the choices that define a life. The book's accessible style and emotional honesty have made it a staple recommendation for readers of all ages.",1991,Reprint Edition,English,563,4.5
34,A River Sutra,Gita Mehta,9789302446099,Fiction/Stories,Literary Fiction,Romantic,literary fiction;fiction;novel;leisure-reading;story,"Set against a richly drawn backdrop, this literary fiction follows a protagonist forced to navigate love, loyalty, and the weight of the past. Written in the tradition of literary fiction, ""A River Sutra"" explores themes of identity, belonging, and the choices that define a life. It remains a favourite on library shelves across India, cherished for its warmth and honesty.",1993,1st Edition,English,426,3.7
35,Raj,Gita Mehta,9780781755504,Fiction/Stories,Historical Fiction,Dark,historical fiction;fiction;novel;leisure-reading;story;history,"Spanning years and relationships, this historical fiction traces individuals confronting change in a world that refuses to stay still. Written in the tradition of historical fiction, ""Raj"" explores themes of identity, belonging, and the choices that define a life. The result is a story that lingers well beyond its final page, popular among readers who return to it again and again.",1989,Reprint Edition,English,320,4.4
36,Clear Light of Day,Anita Desai,9780612245600,Fiction/Stories,Literary Fiction,Thrilling | Relaxing,literary fiction;fiction;novel;leisure-reading;story,"This literary fiction follows characters whose choices ripple across family, community, and circumstance. Written in the tradition of literary fiction, ""Clear Light of Day"" explores themes of identity, belonging, and the choices that define a life. The book's accessible style and emotional honesty have made it a staple recommendation for readers of all ages.",1980,1st Edition,English,543,3.7
37,"Fasting, Feasting",Anita Desai,9781380049131,Fiction/Stories,Literary Fiction,Inspirational,literary fiction;fiction;novel;leisure-reading;story,"This literary fiction follows a central figure caught between duty and desire. Written in the tradition of literary fiction, ""Fasting, Feasting"" explores themes of identity, belonging, and the choices that define a life. Its blend of atmosphere and character work has made it an enduring favourite for library borrowers.",1999,1st Edition,English,374,4.4
38,In Custody,Anita Desai,9781357991401,Fiction/Stories,Literary Fiction,Calm | Educational,literary fiction;fiction;novel;leisure-reading;story,"In prose that lingers, Anita Desai follows lives shaped by history, tradition, and the quiet pressure of expectation. Written in the tradition of literary fiction, ""In Custody"" explores themes of identity, belonging, and the choices that define a life. Its blend of atmosphere and character work has made it an enduring favourite for library borrowers.",1984,Special Edition,English,144,3.9
39,"Cry, the Peacock",Anita Desai,9781664808850,Fiction/Stories,Literary Fiction,Educational | Historical,literary fiction;fiction;novel;leisure-reading;story,"A memorable entry in literary fiction, the story follows characters whose choices ripple across family, community, and circumstance. Written in the tradition of literary fiction, ""Cry, the Peacock"" explores themes of identity, belonging, and the choices that define a life. Its blend of atmosphere and character work has made it an enduring favourite for library borrowers.",1963,1st Edition,English,180,3.9
40,Fire on the Mountain,Anita Desai,9781043218027,Fiction/Stories,Literary Fiction,Funny | Inspirational | Relaxing,literary fiction;fiction;novel;leisure-reading;story,"Told with a distinct narrative voice, this novel follows a journey that tests conviction as much as courage. Written in the tradition of literary fiction, ""Fire on the Mountain"" explores themes of identity, belonging, and the choices that define a life. Widely read and re-read, it continues to resonate with readers looking for both entertainment and insight.",1977,Paperback Edition,English,438,3.8
41,The Village by the Sea,Anita Desai,9780373895090,Fiction/Stories,Literary Fiction,Dark | Historical | Epic,literary fiction;fiction;novel;leisure-reading;story,"Spanning years and relationships, this literary fiction traces a central figure caught between duty and desire. Written in the tradition of literary fiction, ""The Village by the Sea"" explores themes of identity, belonging, and the choices that define a life. Its blend of atmosphere and character work has made it an enduring favourite for library borrowers.",1982,Popular Edition,English,306,3.5
42,Custody,Manju Kapur,9780293731096,Fiction/Stories,Literary Fiction,Historical,literary fiction;fiction;novel;leisure-reading;story,"Told with a distinct narrative voice, this novel follows characters whose choices ripple across family, community, and circumstance. Written in the tradition of literary fiction, ""Custody"" explores themes of identity, belonging, and the choices that define a life. It has earned a lasting place among readers who value a story that is both moving and memorable.",2011,Reprint Edition,English,307,4.0
43,Difficult Daughters,Manju Kapur,9789354582080,Fiction/Stories,Literary Fiction,Adventure | Thrilling | Funny,literary fiction;fiction;novel;leisure-reading;story,"Told with a distinct narrative voice, this novel follows a central figure caught between duty and desire. Written in the tradition of literary fiction, ""Difficult Daughters"" explores themes of identity, belonging, and the choices that define a life. The book's accessible style and emotional honesty have made it a staple recommendation for readers of all ages.",1998,Special Edition,English,560,4.0
44,Home,Manju Kapur,9789381568583,Fiction/Stories,Literary Fiction,Educational | Inspirational | Heartwarming,literary fiction;fiction;novel;leisure-reading;story,"A memorable entry in literary fiction, the story follows a cast of characters whose fates intertwine in unexpected ways. Written in the tradition of literary fiction, ""Home"" explores themes of identity, belonging, and the choices that define a life. The book's accessible style and emotional honesty have made it a staple recommendation for readers of all ages.",2006,1st Edition,English,512,3.7
45,A Married Woman,Manju Kapur,9780474372803,Fiction/Stories,Literary Fiction,Inspirational | Suspenseful | Historical,literary fiction;fiction;novel;leisure-reading;story,"This literary fiction follows a cast of characters whose fates intertwine in unexpected ways. Written in the tradition of literary fiction, ""A Married Woman"" explores themes of identity, belonging, and the choices that define a life. The novel balances emotional depth with narrative pace, making it a perennial favourite among Indian readers.",2002,Reprint Edition,English,549,3.7
46,The Zoya Factor,Anuja Chauhan,9789312602997,Fiction/Stories,Romantic Comedy,Emotional | Adventure,romantic comedy;fiction;novel;leisure-reading;story;romance,"Set against a richly drawn backdrop, this romantic comedy follows a central figure caught between duty and desire. Written in the tradition of romantic comedy, ""The Zoya Factor"" explores themes of identity, belonging, and the choices that define a life. It has earned a lasting place among readers who value a story that is both moving and memorable.",2008,Paperback Edition,English,369,4.3
47,Battle for Bittora,Anuja Chauhan,9789328554259,Fiction/Stories,Romantic Comedy,Epic | Suspenseful | Calm,romantic comedy;fiction;novel;leisure-reading;story;romance,"Told with a distinct narrative voice, this novel follows individuals confronting change in a world that refuses to stay still. Written in the tradition of romantic comedy, ""Battle for Bittora"" explores themes of identity, belonging, and the choices that define a life. It remains a favourite on library shelves across India, cherished for its warmth and honesty.",2010,1st Edition,English,590,3.6
48,Those Pricey Thakur Girls,Anuja Chauhan,9781224524947,Fiction/Stories,Romantic Comedy,Mysterious | Thrilling,romantic comedy;fiction;novel;leisure-reading;story;romance,"A memorable entry in romantic comedy, the story follows lives shaped by history, tradition, and the quiet pressure of expectation. Written in the tradition of romantic comedy, ""Those Pricey Thakur Girls"" explores themes of identity, belonging, and the choices that define a life. The book's accessible style and emotional honesty have made it a staple recommendation for readers of all ages.",2013,Paperback Edition,English,324,3.5
49,The House That BJ Built,Anuja Chauhan,9781081011857,Fiction/Stories,Romantic Comedy,Thrilling | Magical | Heartwarming,romantic comedy;fiction;novel;leisure-reading;story;romance,"Told with a distinct narrative voice, this novel follows lives shaped by history, tradition, and the quiet pressure of expectation. Written in the tradition of romantic comedy, ""The House That BJ Built"" explores themes of identity, belonging, and the choices that define a life. It has earned a lasting place among readers who value a story that is both moving and memorable.",2015,Popular Edition,English,225,3.4
50,Karma Cola,Gita Mehta,9781445512174,Fiction/Stories,Nonfiction Narrative,Inspirational | Calm,nonfiction narrative;fiction;novel;leisure-reading;story,"Spanning years and relationships, this nonfiction narrative traces lives shaped by history, tradition, and the quiet pressure of expectation. Written in the tradition of nonfiction narrative, ""Karma Cola"" explores themes of identity, belonging, and the choices that define a life. The book's accessible style and emotional honesty have made it a staple recommendation for readers of all ages.",1979,Popular Edition,English,141,3.5
51,Serious Men,Manu Joseph,9780770549565,Fiction/Stories,Satire,Epic | Thrilling | Emotional,satire;fiction;novel;leisure-reading;story,"Spanning years and relationships, this satire traces lives shaped by history, tradition, and the quiet pressure of expectation. Written in the tradition of satire, ""Serious Men"" explores themes of identity, belonging, and the choices that define a life. Its blend of atmosphere and character work has made it an enduring favourite for library borrowers.",2010,1st Edition,English,188,3.9
52,The Illicit Happiness of Other People,Manu Joseph,9781673359817,Fiction/Stories,Literary Fiction,Relaxing,literary fiction;fiction;novel;leisure-reading;story,"Told with a distinct narrative voice, this novel follows a journey that tests conviction as much as courage. Written in the tradition of literary fiction, ""The Illicit Happiness of Other People"" explores themes of identity, belonging, and the choices that define a life. The result is a story that lingers well beyond its final page, popular among readers who return to it again and again.",2012,Reprint Edition,English,603,3.7
53,"English, August",Upamanyu Chatterjee,9789394869066,Fiction/Stories,Satire,Educational | Inspirational | Epic,satire;fiction;novel;leisure-reading;story,"Set against a richly drawn backdrop, this satire follows a journey that tests conviction as much as courage. Written in the tradition of satire, ""English, August"" explores themes of identity, belonging, and the choices that define a life. It remains a favourite on library shelves across India, cherished for its warmth and honesty.",1988,Popular Edition,English,342,4.8
54,The Mammaries of the Welfare State,Upamanyu Chatterjee,9781561920327,Fiction/Stories,Satire,Suspenseful | Fantasy | Mysterious,satire;fiction;novel;leisure-reading;story,"Spanning years and relationships, this satire traces individuals confronting change in a world that refuses to stay still. Written in the tradition of satire, ""The Mammaries of the Welfare State"" explores themes of identity, belonging, and the choices that define a life. Widely read and re-read, it continues to resonate with readers looking for both entertainment and insight.",2000,Reprint Edition,English,221,3.9
55,Blue Bedspread,Raj Kamal Jha,9781758255713,Fiction/Stories,Literary Fiction,Thought-provoking | Epic,literary fiction;fiction;novel;leisure-reading;story,"Spanning years and relationships, this literary fiction traces individuals confronting change in a world that refuses to stay still. Written in the tradition of literary fiction, ""Blue Bedspread"" explores themes of identity, belonging, and the choices that define a life. It remains a favourite on library shelves across India, cherished for its warmth and honesty.",1999,Popular Edition,English,518,4.5
56,Fireproof,Raj Kamal Jha,9789367496282,Fiction/Stories,Literary Fiction,Dark | Relaxing,literary fiction;fiction;novel;leisure-reading;story,"Told with a distinct narrative voice, this novel follows a journey that tests conviction as much as courage. Written in the tradition of literary fiction, ""Fireproof"" explores themes of identity, belonging, and the choices that define a life. It remains a favourite on library shelves across India, cherished for its warmth and honesty.",2006,Reprint Edition,English,404,4.1
57,Chinaman,Shehan Karunatilaka,9789318636644,Fiction/Stories,Literary Fiction,Hopeful | Magical | Dark,literary fiction;fiction;novel;leisure-reading;story,"This literary fiction follows a protagonist forced to navigate love, loyalty, and the weight of the past. Written in the tradition of literary fiction, ""Chinaman"" explores themes of identity, belonging, and the choices that define a life. Widely read and re-read, it continues to resonate with readers looking for both entertainment and insight.",2011,Paperback Edition,English,389,3.4
58,The Legend of Bhagat Singh,Various,9780244601232,Fiction/Stories,Historical Fiction,Heartwarming | Fast-paced,historical fiction;fiction;novel;leisure-reading;story;history,"Set against a richly drawn backdrop, this historical fiction follows a central figure caught between duty and desire. Written in the tradition of historical fiction, ""The Legend of Bhagat Singh"" explores themes of identity, belonging, and the choices that define a life. The book's accessible style and emotional honesty have made it a staple recommendation for readers of all ages.",2002,Popular Edition,English,617,4.2
59,The Immortals of Meluha,Amish Tripathi,9781037039508,Fiction/Stories,Mythological Fantasy,Epic | Heartwarming | Adventure,mythological fantasy;fiction;novel;leisure-reading;story;indian-mythology,"A memorable entry in mythological fantasy, the story follows characters whose choices ripple across family, community, and circumstance. Written in the tradition of mythological fantasy, ""The Immortals of Meluha"" explores themes of identity, belonging, and the choices that define a life. The result is a story that lingers well beyond its final page, popular among readers who return to it again and again.",2010,Popular Edition,English,279,3.6
60,The Secret of the Nagas,Amish Tripathi,9781772640656,Fiction/Stories,Mythological Fantasy,Magical,mythological fantasy;fiction;novel;leisure-reading;story;indian-mythology,"A memorable entry in mythological fantasy, the story follows a cast of characters whose fates intertwine in unexpected ways. Written in the tradition of mythological fantasy, ""The Secret of the Nagas"" explores themes of identity, belonging, and the choices that define a life. Its blend of atmosphere and character work has made it an enduring favourite for library borrowers.",2011,1st Edition,English,451,4.5
61,The Oath of the Vayuputras,Amish Tripathi,9781293540497,Fiction/Stories,Mythological Fantasy,Epic | Suspenseful,mythological fantasy;fiction;novel;leisure-reading;story;indian-mythology,"In prose that lingers, Amish Tripathi follows a cast of characters whose fates intertwine in unexpected ways. Written in the tradition of mythological fantasy, ""The Oath of the Vayuputras"" explores themes of identity, belonging, and the choices that define a life. The novel balances emotional depth with narrative pace, making it a perennial favourite among Indian readers.",2013,Reprint Edition,English,446,3.6
62,Sita: Warrior of Mithila,Amish Tripathi,9789382653394,Fiction/Stories,Mythological Fantasy,Funny | Mysterious,mythological fantasy;fiction;novel;leisure-reading;story;indian-mythology,"Set against a richly drawn backdrop, this mythological fantasy follows characters whose choices ripple across family, community, and circumstance. Written in the tradition of mythological fantasy, ""Sita: Warrior of Mithila"" explores themes of identity, belonging, and the choices that define a life. The book's accessible style and emotional honesty have made it a staple recommendation for readers of all ages.",2017,1st Edition,English,342,3.5
63,Raavan: Enemy of Aryavarta,Amish Tripathi,9789365202175,Fiction/Stories,Mythological Fantasy,Adventure,mythological fantasy;fiction;novel;leisure-reading;story;indian-mythology,"Spanning years and relationships, this mythological fantasy traces a journey that tests conviction as much as courage. Written in the tradition of mythological fantasy, ""Raavan: Enemy of Aryavarta"" explores themes of identity, belonging, and the choices that define a life. Its blend of atmosphere and character work has made it an enduring favourite for library borrowers.",2019,Special Edition,English,347,4.7
64,Ram: Scion of Ikshvaku,Amish Tripathi,9781040599396,Fiction/Stories,Mythological Fantasy,Historical | Hopeful | Fast-paced,mythological fantasy;fiction;novel;leisure-reading;story;indian-mythology,"Spanning years and relationships, this mythological fantasy traces a journey that tests conviction as much as courage. Written in the tradition of mythological fantasy, ""Ram: Scion of Ikshvaku"" explores themes of identity, belonging, and the choices that define a life. The result is a story that lingers well beyond its final page, popular among readers who return to it again and again.",2015,Special Edition,English,176,4.6
65,Legend of Suheldev,Amish Tripathi,9780847925148,Fiction/Stories,Historical Fiction,Magical,historical fiction;fiction;novel;leisure-reading;story;history,"Spanning years and relationships, this historical fiction traces characters whose choices ripple across family, community, and circumstance. Written in the tradition of historical fiction, ""Legend of Suheldev"" explores themes of identity, belonging, and the choices that define a life. It has earned a lasting place among readers who value a story that is both moving and memorable.",2020,Special Edition,English,604,4.1
66,The Krishna Key,Ashwin Sanghi,9780579169933,Fiction/Stories,Mythological Thriller,Thrilling | Fast-paced | Dark,mythological thriller;fiction;novel;leisure-reading;story;indian-mythology;suspense,"Told with a distinct narrative voice, this novel follows a central figure caught between duty and desire. Written in the tradition of mythological thriller, ""The Krishna Key"" explores themes of identity, belonging, and the choices that define a life. The novel balances emotional depth with narrative pace, making it a perennial favourite among Indian readers.",2012,Special Edition,English,396,3.8
67,The Rozabal Line,Ashwin Sanghi,9780344638381,Fiction/Stories,Mythological Thriller,Mysterious,mythological thriller;fiction;novel;leisure-reading;story;indian-mythology;suspense,"Spanning years and relationships, this mythological thriller traces a central figure caught between duty and desire. Written in the tradition of mythological thriller, ""The Rozabal Line"" explores themes of identity, belonging, and the choices that define a life. Widely read and re-read, it continues to resonate with readers looking for both entertainment and insight.",2007,Special Edition,English,611,3.3
68,Chanakya's Chant,Ashwin Sanghi,9780673590800,Fiction/Stories,Historical Thriller,Fast-paced,historical thriller;fiction;novel;leisure-reading;story;history;suspense,"In prose that lingers, Ashwin Sanghi follows a cast of characters whose fates intertwine in unexpected ways. Written in the tradition of historical thriller, ""Chanakya's Chant"" explores themes of identity, belonging, and the choices that define a life. Widely read and re-read, it continues to resonate with readers looking for both entertainment and insight.",2010,Popular Edition,English,254,4.4
69,The Sialkot Saga,Ashwin Sanghi,9789332112537,Fiction/Stories,Historical Thriller,Romantic | Emotional | Historical,historical thriller;fiction;novel;leisure-reading;story;history;suspense,"In prose that lingers, Ashwin Sanghi follows a central figure caught between duty and desire. Written in the tradition of historical thriller, ""The Sialkot Saga"" explores themes of identity, belonging, and the choices that define a life. Widely read and re-read, it continues to resonate with readers looking for both entertainment and insight.",2016,Popular Edition,English,235,4.3
70,Keepers of the Kalachakra,Ashwin Sanghi,9781996688953,Fiction/Stories,Mythological Thriller,Adventure,mythological thriller;fiction;novel;leisure-reading;story;indian-mythology;suspense,"Spanning years and relationships, this mythological thriller traces a central figure caught between duty and desire. Written in the tradition of mythological thriller, ""Keepers of the Kalachakra"" explores themes of identity, belonging, and the choices that define a life. The result is a story that lingers well beyond its final page, popular among readers who return to it again and again.",2021,Reprint Edition,English,323,4.6
71,Jaya: An Illustrated Retelling of the Mahabharata,Devdutt Pattanaik,9780879006112,Fiction/Stories,Mythological Retelling,Hopeful | Dark | Mysterious,mythological retelling;fiction;novel;leisure-reading;story;indian-mythology,"Spanning years and relationships, this mythological retelling traces a journey that tests conviction as much as courage. Written in the tradition of mythological retelling, ""Jaya: An Illustrated Retelling of the Mahabharata"" explores themes of identity, belonging, and the choices that define a life. The result is a story that lingers well beyond its final page, popular among readers who return to it again and again.",2010,Paperback Edition,English,579,4.8
72,Sita: An Illustrated Retelling of the Ramayana,Devdutt Pattanaik,9789303258547,Fiction/Stories,Mythological Retelling,Dark | Hopeful | Fantasy,mythological retelling;fiction;novel;leisure-reading;story;indian-mythology,"Spanning years and relationships, this mythological retelling traces a protagonist forced to navigate love, loyalty, and the weight of the past. Written in the tradition of mythological retelling, ""Sita: An Illustrated Retelling of the Ramayana"" explores themes of identity, belonging, and the choices that define a life. The novel balances emotional depth with narrative pace, making it a perennial favourite among Indian readers.",2013,1st Edition,English,287,3.8
73,Shiva to Shankara,Devdutt Pattanaik,9781981786589,Fiction/Stories,Mythological Retelling,Educational | Thought-provoking,mythological retelling;fiction;novel;leisure-reading;story;indian-mythology,"In prose that lingers, Devdutt Pattanaik follows a cast of characters whose fates intertwine in unexpected ways. Written in the tradition of mythological retelling, ""Shiva to Shankara"" explores themes of identity, belonging, and the choices that define a life. It remains a favourite on library shelves across India, cherished for its warmth and honesty.",2017,Popular Edition,English,501,3.9
74,Pashu: Animal Tales from Hindu Mythology,Devdutt Pattanaik,9780510093334,Fiction/Stories,Mythology,Magical | Educational,mythology;fiction;novel;leisure-reading;story;indian-mythology,"Told with a distinct narrative voice, this novel follows individuals confronting change in a world that refuses to stay still. Written in the tradition of mythology, ""Pashu: Animal Tales from Hindu Mythology"" explores themes of identity, belonging, and the choices that define a life. The novel balances emotional depth with narrative pace, making it a perennial favourite among Indian readers.",2014,Popular Edition,English,208,3.7
75,The Pregnant King,Devdutt Pattanaik,9780128779187,Fiction/Stories,Mythological Fiction,Fast-paced | Mysterious,mythological fiction;fiction;novel;leisure-reading;story;indian-mythology,"Spanning years and relationships, this mythological fiction traces characters whose choices ripple across family, community, and circumstance. Written in the tradition of mythological fiction, ""The Pregnant King"" explores themes of identity, belonging, and the choices that define a life. The book's accessible style and emotional honesty have made it a staple recommendation for readers of all ages.",2008,Special Edition,English,200,4.4
76,Yayati,V.S. Khandekar,9780726316692,Fiction/Stories,Mythological Fiction,Romantic | Dark,mythological fiction;fiction;novel;leisure-reading;story;indian-mythology,"Set against a richly drawn backdrop, this mythological fiction follows a journey that tests conviction as much as courage. Written in the tradition of mythological fiction, ""Yayati"" explores themes of identity, belonging, and the choices that define a life. Widely read and re-read, it continues to resonate with readers looking for both entertainment and insight.",1959,1st Edition,English,358,4.5
77,Karna's Wife: The Outcast's Queen,Kavita Kane,9789388438209,Fiction/Stories,Mythological Fiction,Dark,mythological fiction;fiction;novel;leisure-reading;story;indian-mythology,"Spanning years and relationships, this mythological fiction traces a cast of characters whose fates intertwine in unexpected ways. Written in the tradition of mythological fiction, ""Karna's Wife: The Outcast's Queen"" explores themes of identity, belonging, and the choices that define a life. Widely read and re-read, it continues to resonate with readers looking for both entertainment and insight.",2013,Special Edition,English,344,4.1
78,Sita's Sister,Kavita Kane,9781729681657,Fiction/Stories,Mythological Fiction,Hopeful | Magical | Emotional,mythological fiction;fiction;novel;leisure-reading;story;indian-mythology,"Spanning years and relationships, this mythological fiction traces a central figure caught between duty and desire. Written in the tradition of mythological fiction, ""Sita's Sister"" explores themes of identity, belonging, and the choices that define a life. It remains a favourite on library shelves across India, cherished for its warmth and honesty.",2014,Popular Edition,English,491,4.3
79,Menaka's Choice,Kavita Kane,9781211465437,Fiction/Stories,Mythological Fiction,Suspenseful | Historical | Epic,mythological fiction;fiction;novel;leisure-reading;story;indian-mythology,"This mythological fiction follows individuals confronting change in a world that refuses to stay still. Written in the tradition of mythological fiction, ""Menaka's Choice"" explores themes of identity, belonging, and the choices that define a life. The result is a story that lingers well beyond its final page, popular among readers who return to it again and again.",2015,1st Edition,English,437,3.8
80,Lanka's Princess,Kavita Kane,9780164037685,Fiction/Stories,Mythological Fiction,Magical,mythological fiction;fiction;novel;leisure-reading;story;indian-mythology,"This mythological fiction follows lives shaped by history, tradition, and the quiet pressure of expectation. Written in the tradition of mythological fiction, ""Lanka's Princess"" explores themes of identity, belonging, and the choices that define a life. It has earned a lasting place among readers who value a story that is both moving and memorable.",2016,Special Edition,English,536,3.9
81,The Liberation of Sita,Volga,9789399712367,Fiction/Stories,Mythological Fiction,Thought-provoking | Calm,mythological fiction;fiction;novel;leisure-reading;story;indian-mythology,"Set against a richly drawn backdrop, this mythological fiction follows a protagonist forced to navigate love, loyalty, and the weight of the past. Written in the tradition of mythological fiction, ""The Liberation of Sita"" explores themes of identity, belonging, and the choices that define a life. The result is a story that lingers well beyond its final page, popular among readers who return to it again and again.",2016,Reprint Edition,English,432,4.5
82,Ahalya's Awakening,Kavita Kane,9780536638700,Fiction/Stories,Mythological Fiction,Emotional | Relaxing | Funny,mythological fiction;fiction;novel;leisure-reading;story;indian-mythology,"A memorable entry in mythological fiction, the story follows individuals confronting change in a world that refuses to stay still. Written in the tradition of mythological fiction, ""Ahalya's Awakening"" explores themes of identity, belonging, and the choices that define a life. The result is a story that lingers well beyond its final page, popular among readers who return to it again and again.",2019,Popular Edition,English,523,3.3
83,The Forest of Enchantments,Chitra Banerjee Divakaruni,9780317137552,Fiction/Stories,Mythological Fiction,Funny | Adventure,mythological fiction;fiction;novel;leisure-reading;story;indian-mythology,"Spanning years and relationships, this mythological fiction traces individuals confronting change in a world that refuses to stay still. Written in the tradition of mythological fiction, ""The Forest of Enchantments"" explores themes of identity, belonging, and the choices that define a life. It has earned a lasting place among readers who value a story that is both moving and memorable.",2019,Popular Edition,English,507,3.5
84,Draupadi: The Fire-born Princess,Various,9789325739703,Fiction/Stories,Mythological Fiction,Romantic | Fantasy,mythological fiction;fiction;novel;leisure-reading;story;indian-mythology,"Told with a distinct narrative voice, this novel follows a protagonist forced to navigate love, loyalty, and the weight of the past. Written in the tradition of mythological fiction, ""Draupadi: The Fire-born Princess"" explores themes of identity, belonging, and the choices that define a life. It remains a favourite on library shelves across India, cherished for its warmth and honesty.",2015,Special Edition,English,395,4.1
85,Five Point Someone,Chetan Bhagat,9781390486162,Fiction/Stories,Campus Fiction,Heartwarming | Thought-provoking,campus fiction;fiction;novel;leisure-reading;story,"A memorable entry in campus fiction, the story follows characters whose choices ripple across family, community, and circumstance. Written in the tradition of campus fiction, ""Five Point Someone"" explores themes of identity, belonging, and the choices that define a life. Widely read and re-read, it continues to resonate with readers looking for both entertainment and insight.",2004,1st Edition,English,312,4.8
86,2 States: The Story of My Marriage,Chetan Bhagat,9780286796385,Fiction/Stories,Romance,Emotional | Romantic,romance;fiction;novel;leisure-reading;story,"Set against a richly drawn backdrop, this romance follows a journey that tests conviction as much as courage. Written in the tradition of romance, ""2 States: The Story of My Marriage"" explores themes of identity, belonging, and the choices that define a life. Widely read and re-read, it continues to resonate with readers looking for both entertainment and insight.",2009,Paperback Edition,English,248,3.4
87,One Night @ the Call Center,Chetan Bhagat,9780612367937,Fiction/Stories,Contemporary Fiction,Educational,contemporary fiction;fiction;novel;leisure-reading;story,"A memorable entry in contemporary fiction, the story follows a journey that tests conviction as much as courage. Written in the tradition of contemporary fiction, ""One Night @ the Call Center"" explores themes of identity, belonging, and the choices that define a life. The novel balances emotional depth with narrative pace, making it a perennial favourite among Indian readers.",2005,Reprint Edition,English,353,4.1
88,The 3 Mistakes of My Life,Chetan Bhagat,9781725958180,Fiction/Stories,Contemporary Fiction,Fantasy,contemporary fiction;fiction;novel;leisure-reading;story,"Set against a richly drawn backdrop, this contemporary fiction follows a central figure caught between duty and desire. Written in the tradition of contemporary fiction, ""The 3 Mistakes of My Life"" explores themes of identity, belonging, and the choices that define a life. Its blend of atmosphere and character work has made it an enduring favourite for library borrowers.",2008,1st Edition,English,246,4.3
89,Revolution 2020,Chetan Bhagat,9780025779112,Fiction/Stories,Contemporary Fiction,Emotional | Magical,contemporary fiction;fiction;novel;leisure-reading;story,"Set against a richly drawn backdrop, this contemporary fiction follows a protagonist forced to navigate love, loyalty, and the weight of the past. Written in the tradition of contemporary fiction, ""Revolution 2020"" explores themes of identity, belonging, and the choices that define a life. The book's accessible style and emotional honesty have made it a staple recommendation for readers of all ages.",2011,Special Edition,English,529,3.8
90,Half Girlfriend,Chetan Bhagat,9789332196216,Fiction/Stories,Romance,Suspenseful | Heartwarming,romance;fiction;novel;leisure-reading;story,"Told with a distinct narrative voice, this novel follows lives shaped by history, tradition, and the quiet pressure of expectation. Written in the tradition of romance, ""Half Girlfriend"" explores themes of identity, belonging, and the choices that define a life. The novel balances emotional depth with narrative pace, making it a perennial favourite among Indian readers.",2014,Reprint Edition,English,429,3.6
91,One Indian Girl,Chetan Bhagat,9789310455366,Fiction/Stories,Contemporary Fiction,Educational,contemporary fiction;fiction;novel;leisure-reading;story,"Told with a distinct narrative voice, this novel follows a central figure caught between duty and desire. Written in the tradition of contemporary fiction, ""One Indian Girl"" explores themes of identity, belonging, and the choices that define a life. The novel balances emotional depth with narrative pace, making it a perennial favourite among Indian readers.",2016,Special Edition,English,339,4.8
92,The Girl in Room 105,Chetan Bhagat,9789312212806,Fiction/Stories,Thriller,Dark,thriller;fiction;novel;leisure-reading;story;suspense,"Set against a richly drawn backdrop, this thriller follows lives shaped by history, tradition, and the quiet pressure of expectation. Written in the tradition of thriller, ""The Girl in Room 105"" explores themes of identity, belonging, and the choices that define a life. It remains a favourite on library shelves across India, cherished for its warmth and honesty.",2018,1st Edition,English,251,4.8
93,400 Days,Chetan Bhagat,9781491998113,Fiction/Stories,Thriller,Epic,thriller;fiction;novel;leisure-reading;story;suspense,"Spanning years and relationships, this thriller traces characters whose choices ripple across family, community, and circumstance. Written in the tradition of thriller, ""400 Days"" explores themes of identity, belonging, and the choices that define a life. The result is a story that lingers well beyond its final page, popular among readers who return to it again and again.",2019,Reprint Edition,English,422,3.4
94,Half Girlfriend to Wife,Chetan Bhagat,9781748224682,Fiction/Stories,Romance,Magical | Emotional | Epic,romance;fiction;novel;leisure-reading;story,"Set against a richly drawn backdrop, this romance follows a cast of characters whose fates intertwine in unexpected ways. Written in the tradition of romance, ""Half Girlfriend to Wife"" explores themes of identity, belonging, and the choices that define a life. The novel balances emotional depth with narrative pace, making it a perennial favourite among Indian readers.",2021,1st Edition,English,344,4.2
95,I Too Had a Love Story,Ravinder Singh,9789314961559,Fiction/Stories,Romance,Historical | Calm | Hopeful,romance;fiction;novel;leisure-reading;story,"This romance follows a central figure caught between duty and desire. Written in the tradition of romance, ""I Too Had a Love Story"" explores themes of identity, belonging, and the choices that define a life. Widely read and re-read, it continues to resonate with readers looking for both entertainment and insight.",2008,Reprint Edition,English,619,3.7
96,Can Love Happen Twice?,Ravinder Singh,9780371756461,Fiction/Stories,Romance,Fast-paced | Magical | Emotional,romance;fiction;novel;leisure-reading;story,"Told with a distinct narrative voice, this novel follows lives shaped by history, tradition, and the quiet pressure of expectation. Written in the tradition of romance, ""Can Love Happen Twice?"" explores themes of identity, belonging, and the choices that define a life. It remains a favourite on library shelves across India, cherished for its warmth and honesty.",2011,Paperback Edition,English (Indian edition),568,4.5
97,Like It Happened Yesterday,Ravinder Singh,9781965725665,Fiction/Stories,Romance,Dark | Suspenseful | Thrilling,romance;fiction;novel;leisure-reading;story,"This romance follows individuals confronting change in a world that refuses to stay still. Written in the tradition of romance, ""Like It Happened Yesterday"" explores themes of identity, belonging, and the choices that define a life. The result is a story that lingers well beyond its final page, popular among readers who return to it again and again.",2013,Special Edition,English (Indian edition),526,3.6
98,Your Dreams Are Mine Now,Ravinder Singh,9780922271160,Fiction/Stories,Romance,Thrilling,romance;fiction;novel;leisure-reading;story,"Set against a richly drawn backdrop, this romance follows a protagonist forced to navigate love, loyalty, and the weight of the past. Written in the tradition of romance, ""Your Dreams Are Mine Now"" explores themes of identity, belonging, and the choices that define a life. Its blend of atmosphere and character work has made it an enduring favourite for library borrowers.",2015,Popular Edition,English (Indian edition),429,4.3
99,I Am Kalam,Ravinder Singh,9780107479831,Fiction/Stories,Contemporary Fiction,Thrilling | Fast-paced | Romantic,contemporary fiction;fiction;novel;leisure-reading;story,"A memorable entry in contemporary fiction, the story follows a central figure caught between duty and desire. Written in the tradition of contemporary fiction, ""I Am Kalam"" explores themes of identity, belonging, and the choices that define a life. It remains a favourite on library shelves across India, cherished for its warmth and honesty.",2016,Reprint Edition,English (Indian edition),159,3.3
100,This Love That Feels Right,Ravinder Singh,9789366330532,Fiction/Stories,Romance,Calm | Heartwarming | Romantic,romance;fiction;novel;leisure-reading;story,"Spanning years and relationships, this romance traces a protagonist forced to navigate love, loyalty, and the weight of the past. Written in the tradition of romance, ""This Love That Feels Right"" explores themes of identity, belonging, and the choices that define a life. Its blend of atmosphere and character work has made it an enduring favourite for library borrowers.",2017,Special Edition,English,203,4.7
101,The Ex-Boyfriend Wedding Planner,Ravinder Singh,9781799587248,Fiction/Stories,Romance,Mysterious,romance;fiction;novel;leisure-reading;story,"Set against a richly drawn backdrop, this romance follows a protagonist forced to navigate love, loyalty, and the weight of the past. Written in the tradition of romance, ""The Ex-Boyfriend Wedding Planner"" explores themes of identity, belonging, and the choices that define a life. The novel balances emotional depth with narrative pace, making it a perennial favourite among Indian readers.",2020,Popular Edition,English,360,4.9
102,Why We Broke Up,Various Indian Authors,9780716460978,Fiction/Stories,Romance,Suspenseful,romance;fiction;novel;leisure-reading;story,"Told with a distinct narrative voice, this novel follows lives shaped by history, tradition, and the quiet pressure of expectation. Written in the tradition of romance, ""Why We Broke Up"" explores themes of identity, belonging, and the choices that define a life. Its blend of atmosphere and character work has made it an enduring favourite for library borrowers.",2015,Special Edition,English,611,3.5
103,It Started with a Friend Request,Sudeep Nagarkar,9780277048752,Fiction/Stories,Romance,Adventure | Magical,romance;fiction;novel;leisure-reading;story,"A memorable entry in romance, the story follows individuals confronting change in a world that refuses to stay still. Written in the tradition of romance, ""It Started with a Friend Request"" explores themes of identity, belonging, and the choices that define a life. Its blend of atmosphere and character work has made it an enduring favourite for library borrowers.",2013,Popular Edition,English,246,4.5
104,Sorry You're Not My Type,Sudeep Nagarkar,9780143550501,Fiction/Stories,Romance,Adventure | Suspenseful | Historical,romance;fiction;novel;leisure-reading;story,"Told with a distinct narrative voice, this novel follows a protagonist forced to navigate love, loyalty, and the weight of the past. Written in the tradition of romance, ""Sorry You're Not My Type"" explores themes of identity, belonging, and the choices that define a life. The result is a story that lingers well beyond its final page, popular among readers who return to it again and again.",2014,Reprint Edition,English,179,3.8
105,She Swiped Right Into My Heart,Sudeep Nagarkar,9780601223435,Fiction/Stories,Romance,Fantasy | Romantic | Inspirational,romance;fiction;novel;leisure-reading;story,"In prose that lingers, Sudeep Nagarkar follows characters whose choices ripple across family, community, and circumstance. Written in the tradition of romance, ""She Swiped Right Into My Heart"" explores themes of identity, belonging, and the choices that define a life. Its blend of atmosphere and character work has made it an enduring favourite for library borrowers.",2017,Special Edition,English,233,3.4
106,Wrong Number,Durjoy Datta,9781939778925,Fiction/Stories,Romance,Educational,romance;fiction;novel;leisure-reading;story,"Set against a richly drawn backdrop, this romance follows characters whose choices ripple across family, community, and circumstance. Written in the tradition of romance, ""Wrong Number"" explores themes of identity, belonging, and the choices that define a life. It remains a favourite on library shelves across India, cherished for its warmth and honesty.",2010,Special Edition,English,226,4.3
107,Of Course I Love You,Durjoy Datta,9789358318357,Fiction/Stories,Romance,Adventure | Magical,romance;fiction;novel;leisure-reading;story,"A memorable entry in romance, the story follows lives shaped by history, tradition, and the quiet pressure of expectation. Written in the tradition of romance, ""Of Course I Love You"" explores themes of identity, belonging, and the choices that define a life. The book's accessible style and emotional honesty have made it a staple recommendation for readers of all ages.",2008,Special Edition,English,327,3.7
108,If It's Not Forever,Durjoy Datta,9780891911647,Fiction/Stories,Romance,Thrilling | Mysterious,romance;fiction;novel;leisure-reading;story,"This romance follows individuals confronting change in a world that refuses to stay still. Written in the tradition of romance, ""If It's Not Forever"" explores themes of identity, belonging, and the choices that define a life. The result is a story that lingers well beyond its final page, popular among readers who return to it again and again.",2012,Reprint Edition,English,237,4.2
109,World's Best Boyfriend,Durjoy Datta,9789374336663,Fiction/Stories,Romance,Fast-paced | Funny | Romantic,romance;fiction;novel;leisure-reading;story,"This romance follows a cast of characters whose fates intertwine in unexpected ways. Written in the tradition of romance, ""World's Best Boyfriend"" explores themes of identity, belonging, and the choices that define a life. The novel balances emotional depth with narrative pace, making it a perennial favourite among Indian readers.",2013,Paperback Edition,English,202,4.1
110,Someone Like You,Durjoy Datta,9789390007691,Fiction/Stories,Romance,Fantasy,romance;fiction;novel;leisure-reading;story,"Set against a richly drawn backdrop, this romance follows a journey that tests conviction as much as courage. Written in the tradition of romance, ""Someone Like You"" explores themes of identity, belonging, and the choices that define a life. Its blend of atmosphere and character work has made it an enduring favourite for library borrowers.",2016,Reprint Edition,English,456,4.1
111,You Were My Crush,Durjoy Datta,9781825341769,Fiction/Stories,Romance,Epic,romance;fiction;novel;leisure-reading;story,"Spanning years and relationships, this romance traces a cast of characters whose fates intertwine in unexpected ways. Written in the tradition of romance, ""You Were My Crush"" explores themes of identity, belonging, and the choices that define a life. It remains a favourite on library shelves across India, cherished for its warmth and honesty.",2011,Paperback Edition,English,512,4.6
112,When Only Love Remains,Durjoy Datta,9780297865445,Fiction/Stories,Romance,Thought-provoking | Mysterious,romance;fiction;novel;leisure-reading;story,"In prose that lingers, Durjoy Datta follows lives shaped by history, tradition, and the quiet pressure of expectation. Written in the tradition of romance, ""When Only Love Remains"" explores themes of identity, belonging, and the choices that define a life. It remains a favourite on library shelves across India, cherished for its warmth and honesty.",2015,Popular Edition,English,491,4.0
113,The Girl of My Dreams,Durjoy Datta,9781518638022,Fiction/Stories,Romance,Relaxing,romance;fiction;novel;leisure-reading;story,"Spanning years and relationships, this romance traces characters whose choices ripple across family, community, and circumstance. Written in the tradition of romance, ""The Girl of My Dreams"" explores themes of identity, belonging, and the choices that define a life. It remains a favourite on library shelves across India, cherished for its warmth and honesty.",2011,Reprint Edition,English,319,4.2
114,Half a Marriage,Anuja Chauhan,9781407213712,Fiction/Stories,Romantic Comedy,Thought-provoking | Calm | Heartwarming,romantic comedy;fiction;novel;leisure-reading;story;romance,"Told with a distinct narrative voice, this novel follows a cast of characters whose fates intertwine in unexpected ways. Written in the tradition of romantic comedy, ""Half a Marriage"" explores themes of identity, belonging, and the choices that define a life. The result is a story that lingers well beyond its final page, popular among readers who return to it again and again.",2022,1st Edition,English,433,3.4
115,Keep the Change,Preeti Shenoy,9789333778428,Fiction/Stories,Contemporary Fiction,Heartwarming,contemporary fiction;fiction;novel;leisure-reading;story,"Set against a richly drawn backdrop, this contemporary fiction follows a central figure caught between duty and desire. Written in the tradition of contemporary fiction, ""Keep the Change"" explores themes of identity, belonging, and the choices that define a life. The novel balances emotional depth with narrative pace, making it a perennial favourite among Indian readers.",2013,Reprint Edition,English,470,3.5
116,Life Is What You Make It,Preeti Shenoy,9789320713036,Fiction/Stories,Contemporary Fiction,Mysterious | Romantic,contemporary fiction;fiction;novel;leisure-reading;story,"In prose that lingers, Preeti Shenoy follows lives shaped by history, tradition, and the quiet pressure of expectation. Written in the tradition of contemporary fiction, ""Life Is What You Make It"" explores themes of identity, belonging, and the choices that define a life. The result is a story that lingers well beyond its final page, popular among readers who return to it again and again.",2011,1st Edition,English,609,3.4
117,Tea for Two and a Piece of Cake,Preeti Shenoy,9789395576178,Fiction/Stories,Contemporary Fiction,Dark | Educational | Mysterious,contemporary fiction;fiction;novel;leisure-reading;story,"A memorable entry in contemporary fiction, the story follows a cast of characters whose fates intertwine in unexpected ways. Written in the tradition of contemporary fiction, ""Tea for Two and a Piece of Cake"" explores themes of identity, belonging, and the choices that define a life. It remains a favourite on library shelves across India, cherished for its warmth and honesty.",2012,Paperback Edition,English,265,4.2
118,The Secret Wish List,Preeti Shenoy,9781926052496,Fiction/Stories,Contemporary Fiction,Epic,contemporary fiction;fiction;novel;leisure-reading;story,"A memorable entry in contemporary fiction, the story follows a central figure caught between duty and desire. Written in the tradition of contemporary fiction, ""The Secret Wish List"" explores themes of identity, belonging, and the choices that define a life. Widely read and re-read, it continues to resonate with readers looking for both entertainment and insight.",2012,Popular Edition,English,439,4.1
119,It's All in the Planets,Preeti Shenoy,9780588139989,Fiction/Stories,Romantic Comedy,Educational,romantic comedy;fiction;novel;leisure-reading;story;romance,"Told with a distinct narrative voice, this novel follows a journey that tests conviction as much as courage. Written in the tradition of romantic comedy, ""It's All in the Planets"" explores themes of identity, belonging, and the choices that define a life. The result is a story that lingers well beyond its final page, popular among readers who return to it again and again.",2016,Reprint Edition,English,519,4.2
120,A Hundred Little Flames,Preeti Shenoy,9781939886279,Fiction/Stories,Family Drama,Educational | Funny | Dark,family drama;fiction;novel;leisure-reading;story,"Spanning years and relationships, this family drama traces characters whose choices ripple across family, community, and circumstance. Written in the tradition of family drama, ""A Hundred Little Flames"" explores themes of identity, belonging, and the choices that define a life. It remains a favourite on library shelves across India, cherished for its warmth and honesty.",2018,Paperback Edition,English,135,3.9
121,Half Blood,Nikita Singh,9789345170807,Fiction/Stories,Fantasy,Calm | Educational,fantasy;fiction;novel;leisure-reading;story,"Set against a richly drawn backdrop, this fantasy follows characters whose choices ripple across family, community, and circumstance. Written in the tradition of fantasy, ""Half Blood"" explores themes of identity, belonging, and the choices that define a life. It has earned a lasting place among readers who value a story that is both moving and memorable.",2014,Reprint Edition,English,248,3.9
122,Love @ Facebook,Nikita Singh,9781410406699,Fiction/Stories,Romance,Heartwarming | Dark,romance;fiction;novel;leisure-reading;story,"Told with a distinct narrative voice, this novel follows characters whose choices ripple across family, community, and circumstance. Written in the tradition of romance, ""Love @ Facebook"" explores themes of identity, belonging, and the choices that define a life. Its blend of atmosphere and character work has made it an enduring favourite for library borrowers.",2011,Popular Edition,English,583,3.7
123,After Happily Ever After,Nikita Singh,9780406295910,Fiction/Stories,Romance,Heartwarming | Calm,romance;fiction;novel;leisure-reading;story,"Spanning years and relationships, this romance traces a central figure caught between duty and desire. Written in the tradition of romance, ""After Happily Ever After"" explores themes of identity, belonging, and the choices that define a life. It has earned a lasting place among readers who value a story that is both moving and memorable.",2012,Reprint Edition,English,500,4.5
124,Someone to Love,Nikita Singh,9781757917377,Fiction/Stories,Romance,Thought-provoking | Funny,romance;fiction;novel;leisure-reading;story,"This romance follows a protagonist forced to navigate love, loyalty, and the weight of the past. Written in the tradition of romance, ""Someone to Love"" explores themes of identity, belonging, and the choices that define a life. Widely read and re-read, it continues to resonate with readers looking for both entertainment and insight.",2013,Special Edition,English,353,3.6
125,Twenty Somethings,Iím Neha,9780363511788,Fiction/Stories,Contemporary Fiction,Epic,contemporary fiction;fiction;novel;leisure-reading;story,"Set against a richly drawn backdrop, this contemporary fiction follows a central figure caught between duty and desire. Written in the tradition of contemporary fiction, ""Twenty Somethings"" explores themes of identity, belonging, and the choices that define a life. It remains a favourite on library shelves across India, cherished for its warmth and honesty.",2013,Popular Edition,English,290,4.2
126,The Zoya Factor (sequel),Anuja Chauhan,9781806854424,Fiction/Stories,Romantic Comedy,Relaxing,romantic comedy;fiction;novel;leisure-reading;story;romance,"In prose that lingers, Anuja Chauhan follows lives shaped by history, tradition, and the quiet pressure of expectation. Written in the tradition of romantic comedy, ""The Zoya Factor (sequel)"" explores themes of identity, belonging, and the choices that define a life. The novel balances emotional depth with narrative pace, making it a perennial favourite among Indian readers.",2020,Special Edition,English,440,3.6
127,Marrying Anita,Anita Jain,9789396643657,Fiction/Stories,Memoir Fiction,Fantasy | Educational,memoir fiction;fiction;novel;leisure-reading;story,"In prose that lingers, Anita Jain follows a cast of characters whose fates intertwine in unexpected ways. Written in the tradition of memoir fiction, ""Marrying Anita"" explores themes of identity, belonging, and the choices that define a life. The book's accessible style and emotional honesty have made it a staple recommendation for readers of all ages.",2008,Popular Edition,English,200,4.5
128,Anita and Me,Meera Syal,9781754839191,Fiction/Stories,Coming-of-age,Calm,coming of age;fiction;novel;leisure-reading;story,"A memorable entry in coming-of-age, the story follows a journey that tests conviction as much as courage. Written in the tradition of coming-of-age, ""Anita and Me"" explores themes of identity, belonging, and the choices that define a life. Widely read and re-read, it continues to resonate with readers looking for both entertainment and insight.",1996,Popular Edition,English,568,4.5
129,Londonstani,Gautam Malkani,9780859027304,Fiction/Stories,Contemporary Fiction,Historical,contemporary fiction;fiction;novel;leisure-reading;story,"Told with a distinct narrative voice, this novel follows characters whose choices ripple across family, community, and circumstance. Written in the tradition of contemporary fiction, ""Londonstani"" explores themes of identity, belonging, and the choices that define a life. The novel balances emotional depth with narrative pace, making it a perennial favourite among Indian readers.",2006,Popular Edition,English,375,4.7
130,The Death of Vishnu,Manil Suri,9781862862753,Fiction/Stories,Literary Fiction,Mysterious,literary fiction;fiction;novel;leisure-reading;story,"In prose that lingers, Manil Suri follows lives shaped by history, tradition, and the quiet pressure of expectation. Written in the tradition of literary fiction, ""The Death of Vishnu"" explores themes of identity, belonging, and the choices that define a life. It has earned a lasting place among readers who value a story that is both moving and memorable.",2001,Special Edition,English,139,3.3
131,The Age of Shiva,Manil Suri,9780527325596,Fiction/Stories,Literary Fiction,Historical,literary fiction;fiction;novel;leisure-reading;story,"Told with a distinct narrative voice, this novel follows a central figure caught between duty and desire. Written in the tradition of literary fiction, ""The Age of Shiva"" explores themes of identity, belonging, and the choices that define a life. The result is a story that lingers well beyond its final page, popular among readers who return to it again and again.",2008,1st Edition,English,201,4.8
132,The City of Devi,Manil Suri,9789303955590,Fiction/Stories,Literary Fiction,Hopeful | Mysterious | Emotional,literary fiction;fiction;novel;leisure-reading;story,"A memorable entry in literary fiction, the story follows individuals confronting change in a world that refuses to stay still. Written in the tradition of literary fiction, ""The City of Devi"" explores themes of identity, belonging, and the choices that define a life. It remains a favourite on library shelves across India, cherished for its warmth and honesty.",2013,Popular Edition,English,217,4.7
133,Midnight's Furies,Nisid Hajari,9789390015368,Fiction/Stories,Historical Nonfiction Narrative,Inspirational | Thought-provoking,historical nonfiction narrative;fiction;novel;leisure-reading;story;history,"This historical nonfiction narrative follows individuals confronting change in a world that refuses to stay still. Written in the tradition of historical nonfiction narrative, ""Midnight's Furies"" explores themes of identity, belonging, and the choices that define a life. Widely read and re-read, it continues to resonate with readers looking for both entertainment and insight.",2015,Special Edition,English,310,4.1
134,The Long Walk Home,Various,9781819970111,Fiction/Stories,Historical Fiction,Funny | Historical | Hopeful,historical fiction;fiction;novel;leisure-reading;story;history,"Set against a richly drawn backdrop, this historical fiction follows a central figure caught between duty and desire. Written in the tradition of historical fiction, ""The Long Walk Home"" explores themes of identity, belonging, and the choices that define a life. It has earned a lasting place among readers who value a story that is both moving and memorable.",2010,Special Edition,English,456,4.0
135,A Bend in the Ganges,Manohar Malgonkar,9789346363246,Fiction/Stories,Historical Fiction,Dark | Thought-provoking,historical fiction;fiction;novel;leisure-reading;story;history,"A memorable entry in historical fiction, the story follows a central figure caught between duty and desire. Written in the tradition of historical fiction, ""A Bend in the Ganges"" explores themes of identity, belonging, and the choices that define a life. The book's accessible style and emotional honesty have made it a staple recommendation for readers of all ages.",1964,Paperback Edition,English,218,3.9
136,The Princes,Manohar Malgonkar,9789343079607,Fiction/Stories,Historical Fiction,Epic | Calm,historical fiction;fiction;novel;leisure-reading;story;history,"Told with a distinct narrative voice, this novel follows a journey that tests conviction as much as courage. Written in the tradition of historical fiction, ""The Princes"" explores themes of identity, belonging, and the choices that define a life. The result is a story that lingers well beyond its final page, popular among readers who return to it again and again.",1963,Paperback Edition,English,549,4.6
137,Ice-Candy-Man,Bapsi Sidhwa,9780784364932,Fiction/Stories,Historical Fiction,Relaxing | Historical | Inspirational,historical fiction;fiction;novel;leisure-reading;story;history,"Set against a richly drawn backdrop, this historical fiction follows a journey that tests conviction as much as courage. Written in the tradition of historical fiction, ""Ice-Candy-Man"" explores themes of identity, belonging, and the choices that define a life. It has earned a lasting place among readers who value a story that is both moving and memorable.",1988,Popular Edition,English,563,4.8
138,The Pakistani Bride,Bapsi Sidhwa,9789358836905,Fiction/Stories,Historical Fiction,Adventure,historical fiction;fiction;novel;leisure-reading;story;history,"This historical fiction follows individuals confronting change in a world that refuses to stay still. Written in the tradition of historical fiction, ""The Pakistani Bride"" explores themes of identity, belonging, and the choices that define a life. Widely read and re-read, it continues to resonate with readers looking for both entertainment and insight.",1983,Special Edition,English,500,4.3
139,Cracking India,Bapsi Sidhwa,9781616002725,Fiction/Stories,Historical Fiction,Fantasy | Suspenseful | Educational,historical fiction;fiction;novel;leisure-reading;story;history,"Set against a richly drawn backdrop, this historical fiction follows lives shaped by history, tradition, and the quiet pressure of expectation. Written in the tradition of historical fiction, ""Cracking India"" explores themes of identity, belonging, and the choices that define a life. Its blend of atmosphere and character work has made it an enduring favourite for library borrowers.",1991,1st Edition,English,354,3.5
140,Basti,Intizar Husain,9781207183444,Fiction/Stories,Literary Fiction,Hopeful | Dark,literary fiction;fiction;novel;leisure-reading;story,"A memorable entry in literary fiction, the story follows a journey that tests conviction as much as courage. Written in the tradition of literary fiction, ""Basti"" explores themes of identity, belonging, and the choices that define a life. The novel balances emotional depth with narrative pace, making it a perennial favourite among Indian readers.",1979,Paperback Edition,English,139,4.6
141,Tamas,Bhisham Sahni,9780170048217,Fiction/Stories,Historical Fiction,Relaxing,historical fiction;fiction;novel;leisure-reading;story;history,"Told with a distinct narrative voice, this novel follows characters whose choices ripple across family, community, and circumstance. Written in the tradition of historical fiction, ""Tamas"" explores themes of identity, belonging, and the choices that define a life. It has earned a lasting place among readers who value a story that is both moving and memorable.",1974,Popular Edition,English,496,4.0
142,Pinjar,Amrita Pritam,9789304736372,Fiction/Stories,Historical Fiction,Mysterious | Relaxing,historical fiction;fiction;novel;leisure-reading;story;history,"Set against a richly drawn backdrop, this historical fiction follows individuals confronting change in a world that refuses to stay still. Written in the tradition of historical fiction, ""Pinjar"" explores themes of identity, belonging, and the choices that define a life. It has earned a lasting place among readers who value a story that is both moving and memorable.",1950,Popular Edition,English,530,4.0
143,The Skeleton,Amrita Pritam,9781763994041,Fiction/Stories,Historical Fiction,Suspenseful,historical fiction;fiction;novel;leisure-reading;story;history,"Spanning years and relationships, this historical fiction traces a cast of characters whose fates intertwine in unexpected ways. Written in the tradition of historical fiction, ""The Skeleton"" explores themes of identity, belonging, and the choices that define a life. The result is a story that lingers well beyond its final page, popular among readers who return to it again and again.",1950,Paperback Edition,English,135,3.4
144,Raag Darbari,Shrilal Shukla,9780786813490,Fiction/Stories,Satire,Adventure,satire;fiction;novel;leisure-reading;story,"In prose that lingers, Shrilal Shukla follows a journey that tests conviction as much as courage. Written in the tradition of satire, ""Raag Darbari"" explores themes of identity, belonging, and the choices that define a life. It remains a favourite on library shelves across India, cherished for its warmth and honesty.",1968,Paperback Edition,English,209,4.1
145,Godaan,Munshi Premchand,9781742236216,Fiction/Stories,Literary Fiction,Thought-provoking,literary fiction;fiction;novel;leisure-reading;story,"In prose that lingers, Munshi Premchand follows lives shaped by history, tradition, and the quiet pressure of expectation. Written in the tradition of literary fiction, ""Godaan"" explores themes of identity, belonging, and the choices that define a life. Its blend of atmosphere and character work has made it an enduring favourite for library borrowers.",1936,1st Edition,English,227,4.1
146,Gaban,Munshi Premchand,9780265831687,Fiction/Stories,Literary Fiction,Fantasy,literary fiction;fiction;novel;leisure-reading;story,"This literary fiction follows a journey that tests conviction as much as courage. Written in the tradition of literary fiction, ""Gaban"" explores themes of identity, belonging, and the choices that define a life. Its blend of atmosphere and character work has made it an enduring favourite for library borrowers.",1931,1st Edition,English,245,3.8
147,Nirmala,Munshi Premchand,9780914581789,Fiction/Stories,Literary Fiction,Thought-provoking | Emotional,literary fiction;fiction;novel;leisure-reading;story,"This literary fiction follows a central figure caught between duty and desire. Written in the tradition of literary fiction, ""Nirmala"" explores themes of identity, belonging, and the choices that define a life. It remains a favourite on library shelves across India, cherished for its warmth and honesty.",1925,Popular Edition,English,308,3.5
148,Karmabhoomi,Munshi Premchand,9780655563648,Fiction/Stories,Literary Fiction,Romantic,literary fiction;fiction;novel;leisure-reading;story,"Told with a distinct narrative voice, this novel follows characters whose choices ripple across family, community, and circumstance. Written in the tradition of literary fiction, ""Karmabhoomi"" explores themes of identity, belonging, and the choices that define a life. It remains a favourite on library shelves across India, cherished for its warmth and honesty.",1932,Popular Edition,English,174,4.4
149,The Chess Players and Other Stories,Munshi Premchand,9781761180255,Fiction/Stories,Short Stories,Mysterious | Heartwarming,short stories;fiction;novel;leisure-reading;story,"This short stories follows a cast of characters whose fates intertwine in unexpected ways. Written in the tradition of short stories, ""The Chess Players and Other Stories"" explores themes of identity, belonging, and the choices that define a life. Widely read and re-read, it continues to resonate with readers looking for both entertainment and insight.",1924,Reprint Edition,English,418,4.4
150,Devdas,Sarat Chandra Chattopadhyay,9789323311352,Fiction/Stories,Romance,Adventure,romance;fiction;novel;leisure-reading;story,"Told with a distinct narrative voice, this novel follows a journey that tests conviction as much as courage. Written in the tradition of romance, ""Devdas"" explores themes of identity, belonging, and the choices that define a life. It remains a favourite on library shelves across India, cherished for its warmth and honesty.",1917,1st Edition,English,420,4.5
151,Parineeta,Sarat Chandra Chattopadhyay,9789300862921,Fiction/Stories,Romance,Fast-paced | Historical | Adventure,romance;fiction;novel;leisure-reading;story,"Set against a richly drawn backdrop, this romance follows individuals confronting change in a world that refuses to stay still. Written in the tradition of romance, ""Parineeta"" explores themes of identity, belonging, and the choices that define a life. It remains a favourite on library shelves across India, cherished for its warmth and honesty.",1914,Paperback Edition,English,504,4.7
152,Srikanta,Sarat Chandra Chattopadhyay,9781623975609,Fiction/Stories,Literary Fiction,Magical | Inspirational,literary fiction;fiction;novel;leisure-reading;story,"In prose that lingers, Sarat Chandra Chattopadhyay follows characters whose choices ripple across family, community, and circumstance. Written in the tradition of literary fiction, ""Srikanta"" explores themes of identity, belonging, and the choices that define a life. The book's accessible style and emotional honesty have made it a staple recommendation for readers of all ages.",1917,Popular Edition,English,393,4.8
153,Chokher Bali,Rabindranath Tagore,9780415820615,Fiction/Stories,Literary Fiction,Fast-paced,literary fiction;fiction;novel;leisure-reading;story,"Spanning years and relationships, this literary fiction traces a central figure caught between duty and desire. Written in the tradition of literary fiction, ""Chokher Bali"" explores themes of identity, belonging, and the choices that define a life. It has earned a lasting place among readers who value a story that is both moving and memorable.",1903,1st Edition,English,556,3.4
154,Gora,Rabindranath Tagore,9781531667610,Fiction/Stories,Literary Fiction,Historical | Epic,literary fiction;fiction;novel;leisure-reading;story,"A memorable entry in literary fiction, the story follows individuals confronting change in a world that refuses to stay still. Written in the tradition of literary fiction, ""Gora"" explores themes of identity, belonging, and the choices that define a life. The book's accessible style and emotional honesty have made it a staple recommendation for readers of all ages.",1910,Paperback Edition,English,193,3.9
155,The Home and the World,Rabindranath Tagore,9789384701802,Fiction/Stories,Literary Fiction,Thought-provoking,literary fiction;fiction;novel;leisure-reading;story,"Spanning years and relationships, this literary fiction traces lives shaped by history, tradition, and the quiet pressure of expectation. Written in the tradition of literary fiction, ""The Home and the World"" explores themes of identity, belonging, and the choices that define a life. It has earned a lasting place among readers who value a story that is both moving and memorable.",1916,Reprint Edition,English,582,4.9
156,Kabuliwala and Other Stories,Rabindranath Tagore,9780437247308,Fiction/Stories,Short Stories,Educational | Heartwarming,short stories;fiction;novel;leisure-reading;story,"A memorable entry in short stories, the story follows a journey that tests conviction as much as courage. Written in the tradition of short stories, ""Kabuliwala and Other Stories"" explores themes of identity, belonging, and the choices that define a life. It remains a favourite on library shelves across India, cherished for its warmth and honesty.",1892,Special Edition,English,325,4.6
157,Gitanjali,Rabindranath Tagore,9781634592949,Fiction/Stories,Poetry,Inspirational | Educational | Fantasy,poetry;fiction;novel;leisure-reading;story,"A memorable entry in poetry, the story follows a cast of characters whose fates intertwine in unexpected ways. Written in the tradition of poetry, ""Gitanjali"" explores themes of identity, belonging, and the choices that define a life. The novel balances emotional depth with narrative pace, making it a perennial favourite among Indian readers.",1910,Popular Edition,English,138,3.9
158,Two Sisters,Rabindranath Tagore,9780111099520,Fiction/Stories,Literary Fiction,Historical | Funny | Suspenseful,literary fiction;fiction;novel;leisure-reading;story,"A memorable entry in literary fiction, the story follows individuals confronting change in a world that refuses to stay still. Written in the tradition of literary fiction, ""Two Sisters"" explores themes of identity, belonging, and the choices that define a life. Widely read and re-read, it continues to resonate with readers looking for both entertainment and insight.",1940,Special Edition,English,603,4.6
159,Kapalkundala,Bankim Chandra Chattopadhyay,9789335101217,Fiction/Stories,Literary Fiction,Emotional | Mysterious,literary fiction;fiction;novel;leisure-reading;story,"In prose that lingers, Bankim Chandra Chattopadhyay follows lives shaped by history, tradition, and the quiet pressure of expectation. Written in the tradition of literary fiction, ""Kapalkundala"" explores themes of identity, belonging, and the choices that define a life. It remains a favourite on library shelves across India, cherished for its warmth and honesty.",1866,Popular Edition,English,227,4.8
160,Anandamath,Bankim Chandra Chattopadhyay,9789314571857,Fiction/Stories,Historical Fiction,Romantic | Inspirational | Calm,historical fiction;fiction;novel;leisure-reading;story;history,"Set against a richly drawn backdrop, this historical fiction follows a protagonist forced to navigate love, loyalty, and the weight of the past. Written in the tradition of historical fiction, ""Anandamath"" explores themes of identity, belonging, and the choices that define a life. It remains a favourite on library shelves across India, cherished for its warmth and honesty.",1882,Paperback Edition,English,144,4.1
161,Durgeshnandini,Bankim Chandra Chattopadhyay,9789397062617,Fiction/Stories,Historical Fiction,Epic,historical fiction;fiction;novel;leisure-reading;story;history,"A memorable entry in historical fiction, the story follows a cast of characters whose fates intertwine in unexpected ways. Written in the tradition of historical fiction, ""Durgeshnandini"" explores themes of identity, belonging, and the choices that define a life. The result is a story that lingers well beyond its final page, popular among readers who return to it again and again.",1865,Popular Edition,English,479,3.6
162,Chemmeen,Thakazhi Sivasankara Pillai,9781559723312,Fiction/Stories,Literary Fiction,Hopeful | Historical,literary fiction;fiction;novel;leisure-reading;story,"This literary fiction follows lives shaped by history, tradition, and the quiet pressure of expectation. Written in the tradition of literary fiction, ""Chemmeen"" explores themes of identity, belonging, and the choices that define a life. Widely read and re-read, it continues to resonate with readers looking for both entertainment and insight.",1956,1st Edition,English,269,4.1
163,Chidambara Smaranakal,Balachandran Chullikkadu,9789370792067,Fiction/Stories,Memoir Fiction,Romantic | Mysterious | Relaxing,memoir fiction;fiction;novel;leisure-reading;story,"Set against a richly drawn backdrop, this memoir fiction follows characters whose choices ripple across family, community, and circumstance. Written in the tradition of memoir fiction, ""Chidambara Smaranakal"" explores themes of identity, belonging, and the choices that define a life. The novel balances emotional depth with narrative pace, making it a perennial favourite among Indian readers.",1985,Paperback Edition,English,579,3.7
164,The Legends of Khasak,O.V. Vijayan,9789399449744,Fiction/Stories,Literary Fiction,Relaxing,literary fiction;fiction;novel;leisure-reading;story,"In prose that lingers, O.V. Vijayan follows a protagonist forced to navigate love, loyalty, and the weight of the past. Written in the tradition of literary fiction, ""The Legends of Khasak"" explores themes of identity, belonging, and the choices that define a life. Its blend of atmosphere and character work has made it an enduring favourite for library borrowers.",1969,Special Edition,English,206,3.8
165,Aavarana,S.L. Bhyrappa,9780011059624,Fiction/Stories,Historical Fiction,Relaxing | Emotional | Fast-paced,historical fiction;fiction;novel;leisure-reading;story;history,"Told with a distinct narrative voice, this novel follows a protagonist forced to navigate love, loyalty, and the weight of the past. Written in the tradition of historical fiction, ""Aavarana"" explores themes of identity, belonging, and the choices that define a life. Widely read and re-read, it continues to resonate with readers looking for both entertainment and insight.",2007,Reprint Edition,English,297,4.2
166,Parva,S.L. Bhyrappa,9780254268937,Fiction/Stories,Mythological Fiction,Inspirational,mythological fiction;fiction;novel;leisure-reading;story;indian-mythology,"Told with a distinct narrative voice, this novel follows a central figure caught between duty and desire. Written in the tradition of mythological fiction, ""Parva"" explores themes of identity, belonging, and the choices that define a life. It has earned a lasting place among readers who value a story that is both moving and memorable.",1979,1st Edition,English,232,4.6
167,Vamsha Vriksha,S.L. Bhyrappa,9780559478406,Fiction/Stories,Literary Fiction,Magical | Calm | Funny,literary fiction;fiction;novel;leisure-reading;story,"In prose that lingers, S.L. Bhyrappa follows characters whose choices ripple across family, community, and circumstance. Written in the tradition of literary fiction, ""Vamsha Vriksha"" explores themes of identity, belonging, and the choices that define a life. The book's accessible style and emotional honesty have made it a staple recommendation for readers of all ages.",1965,Special Edition,English,268,3.6
168,Samskara,U.R. Ananthamurthy,9781609681784,Fiction/Stories,Literary Fiction,Hopeful | Epic | Fantasy,literary fiction;fiction;novel;leisure-reading;story,"Set against a richly drawn backdrop, this literary fiction follows a central figure caught between duty and desire. Written in the tradition of literary fiction, ""Samskara"" explores themes of identity, belonging, and the choices that define a life. Widely read and re-read, it continues to resonate with readers looking for both entertainment and insight.",1965,Special Edition,English,451,3.4
169,Bharathipura,U.R. Ananthamurthy,9789360558048,Fiction/Stories,Literary Fiction,Relaxing,literary fiction;fiction;novel;leisure-reading;story,"This literary fiction follows characters whose choices ripple across family, community, and circumstance. Written in the tradition of literary fiction, ""Bharathipura"" explores themes of identity, belonging, and the choices that define a life. The book's accessible style and emotional honesty have made it a staple recommendation for readers of all ages.",1973,Special Edition,English,211,3.6
170,The Perry Mason of Kolkata,Various,9780937435885,Fiction/Stories,Crime Fiction,Fast-paced,crime fiction;fiction;novel;leisure-reading;story;suspense,"Set against a richly drawn backdrop, this crime fiction follows lives shaped by history, tradition, and the quiet pressure of expectation. Written in the tradition of crime fiction, ""The Perry Mason of Kolkata"" explores themes of identity, belonging, and the choices that define a life. The result is a story that lingers well beyond its final page, popular among readers who return to it again and again.",2010,Reprint Edition,English,249,4.6
171,A Case of Exploding Mangoes,Mohammed Hanif,9780430251272,Fiction/Stories,Satire,Fast-paced | Mysterious,satire;fiction;novel;leisure-reading;story,"Set against a richly drawn backdrop, this satire follows lives shaped by history, tradition, and the quiet pressure of expectation. Written in the tradition of satire, ""A Case of Exploding Mangoes"" explores themes of identity, belonging, and the choices that define a life. Its blend of atmosphere and character work has made it an enduring favourite for library borrowers.",2008,Reprint Edition,English,266,3.7
172,Our Lady of Alice Bhatti,Mohammed Hanif,9789303050356,Fiction/Stories,Literary Fiction,Emotional | Funny | Thought-provoking,literary fiction;fiction;novel;leisure-reading;story,"Told with a distinct narrative voice, this novel follows characters whose choices ripple across family, community, and circumstance. Written in the tradition of literary fiction, ""Our Lady of Alice Bhatti"" explores themes of identity, belonging, and the choices that define a life. It has earned a lasting place among readers who value a story that is both moving and memorable.",2011,Reprint Edition,English,556,3.8
173,The Devotion of Suspect X (Indian ed.),Keigo Higashino,9780027123074,Fiction/Stories,Crime Fiction,Fast-paced | Thought-provoking | Relaxing,crime fiction;fiction;novel;leisure-reading;story;suspense,"This crime fiction follows a journey that tests conviction as much as courage. Written in the tradition of crime fiction, ""The Devotion of Suspect X (Indian ed.)"" explores themes of identity, belonging, and the choices that define a life. The novel balances emotional depth with narrative pace, making it a perennial favourite among Indian readers.",2005,Popular Edition,English,356,4.5
174,The Blue Umbrella,Ruskin Bond,9781154270532,Fiction/Stories,Novella,Relaxing | Educational,novella;fiction;novel;leisure-reading;story,"Spanning years and relationships, this novella traces a central figure caught between duty and desire. Written in the tradition of novella, ""The Blue Umbrella"" explores themes of identity, belonging, and the choices that define a life. The novel balances emotional depth with narrative pace, making it a perennial favourite among Indian readers.",1980,Special Edition,English,390,4.2
175,A Flight of Pigeons,Ruskin Bond,9789325507531,Fiction/Stories,Historical Fiction,Mysterious,historical fiction;fiction;novel;leisure-reading;story;history,"Set against a richly drawn backdrop, this historical fiction follows a journey that tests conviction as much as courage. Written in the tradition of historical fiction, ""A Flight of Pigeons"" explores themes of identity, belonging, and the choices that define a life. The result is a story that lingers well beyond its final page, popular among readers who return to it again and again.",1975,Reprint Edition,English,472,3.6
176,The Room on the Roof,Ruskin Bond,9781256452676,Fiction/Stories,Coming-of-age,Suspenseful | Romantic,coming of age;fiction;novel;leisure-reading;story,"A memorable entry in coming-of-age, the story follows a central figure caught between duty and desire. Written in the tradition of coming-of-age, ""The Room on the Roof"" explores themes of identity, belonging, and the choices that define a life. It has earned a lasting place among readers who value a story that is both moving and memorable.",1956,Reprint Edition,English,569,3.3
177,Vagrants in the Valley,Ruskin Bond,9781373414434,Fiction/Stories,Coming-of-age,Dark,coming of age;fiction;novel;leisure-reading;story,"Told with a distinct narrative voice, this novel follows a journey that tests conviction as much as courage. Written in the tradition of coming-of-age, ""Vagrants in the Valley"" explores themes of identity, belonging, and the choices that define a life. The result is a story that lingers well beyond its final page, popular among readers who return to it again and again.",1981,Special Edition,English,561,3.5
178,Delhi Is Not Far,Ruskin Bond,9789322428716,Fiction/Stories,Literary Fiction,Emotional | Fast-paced | Thought-provoking,literary fiction;fiction;novel;leisure-reading;story,"A memorable entry in literary fiction, the story follows a journey that tests conviction as much as courage. Written in the tradition of literary fiction, ""Delhi Is Not Far"" explores themes of identity, belonging, and the choices that define a life. Widely read and re-read, it continues to resonate with readers looking for both entertainment and insight.",1994,Paperback Edition,English,200,4.5
179,A Handful of Nuts,Ruskin Bond,9780512283283,Fiction/Stories,Coming-of-age,Adventure | Educational,coming of age;fiction;novel;leisure-reading;story,"Spanning years and relationships, this coming-of-age traces lives shaped by history, tradition, and the quiet pressure of expectation. Written in the tradition of coming-of-age, ""A Handful of Nuts"" explores themes of identity, belonging, and the choices that define a life. It has earned a lasting place among readers who value a story that is both moving and memorable.",1996,Popular Edition,English,474,3.5
180,The Night Train at Deoli,Ruskin Bond,9781253039511,Fiction/Stories,Short Stories,Emotional | Relaxing,short stories;fiction;novel;leisure-reading;story,"Set against a richly drawn backdrop, this short stories follows a central figure caught between duty and desire. Written in the tradition of short stories, ""The Night Train at Deoli"" explores themes of identity, belonging, and the choices that define a life. Widely read and re-read, it continues to resonate with readers looking for both entertainment and insight.",1988,Reprint Edition,English,426,4.4
181,Rain in the Mountains,Ruskin Bond,9781915945556,Fiction/Stories,Short Stories,Funny | Calm | Epic,short stories;fiction;novel;leisure-reading;story,"Told with a distinct narrative voice, this novel follows a protagonist forced to navigate love, loyalty, and the weight of the past. Written in the tradition of short stories, ""Rain in the Mountains"" explores themes of identity, belonging, and the choices that define a life. Its blend of atmosphere and character work has made it an enduring favourite for library borrowers.",1993,Reprint Edition,English,363,3.7
182,Susanna's Seven Husbands,Ruskin Bond,9789368267850,Fiction/Stories,Novella,Educational,novella;fiction;novel;leisure-reading;story,"Told with a distinct narrative voice, this novel follows characters whose choices ripple across family, community, and circumstance. Written in the tradition of novella, ""Susanna's Seven Husbands"" explores themes of identity, belonging, and the choices that define a life. The novel balances emotional depth with narrative pace, making it a perennial favourite among Indian readers.",2009,1st Edition,English,378,4.8
183,Time Stops at Shamli,Ruskin Bond,9780486746524,Fiction/Stories,Short Stories,Suspenseful | Dark,short stories;fiction;novel;leisure-reading;story,"Spanning years and relationships, this short stories traces a cast of characters whose fates intertwine in unexpected ways. Written in the tradition of short stories, ""Time Stops at Shamli"" explores themes of identity, belonging, and the choices that define a life. Widely read and re-read, it continues to resonate with readers looking for both entertainment and insight.",1989,Special Edition,English,388,4.0
184,Angry River,Ruskin Bond,9789308720919,Fiction/Stories,Coming-of-age,Mysterious,coming of age;fiction;novel;leisure-reading;story,"In prose that lingers, Ruskin Bond follows lives shaped by history, tradition, and the quiet pressure of expectation. Written in the tradition of coming-of-age, ""Angry River"" explores themes of identity, belonging, and the choices that define a life. Widely read and re-read, it continues to resonate with readers looking for both entertainment and insight.",1972,Reprint Edition,English,138,3.5
185,Our Trees Still Grow in Dehra,Ruskin Bond,9780880105149,Fiction/Stories,Short Stories,Mysterious,short stories;fiction;novel;leisure-reading;story,"A memorable entry in short stories, the story follows a cast of characters whose fates intertwine in unexpected ways. Written in the tradition of short stories, ""Our Trees Still Grow in Dehra"" explores themes of identity, belonging, and the choices that define a life. The result is a story that lingers well beyond its final page, popular among readers who return to it again and again.",1991,Paperback Edition,English,224,4.4
186,The India I Love,Ruskin Bond,9781095470886,Fiction/Stories,Nonfiction Narrative,Educational | Magical | Fantasy,nonfiction narrative;fiction;novel;leisure-reading;story,"A memorable entry in nonfiction narrative, the story follows a journey that tests conviction as much as courage. Written in the tradition of nonfiction narrative, ""The India I Love"" explores themes of identity, belonging, and the choices that define a life. Widely read and re-read, it continues to resonate with readers looking for both entertainment and insight.",2004,Reprint Edition,English,396,3.6
187,Ghost Stories from the Raj,Ruskin Bond,9781295582464,Fiction/Stories,Horror/Short Stories,Funny | Inspirational | Educational,horror short stories;fiction;novel;leisure-reading;story;suspense,"Told with a distinct narrative voice, this novel follows a protagonist forced to navigate love, loyalty, and the weight of the past. Written in the tradition of horror/short stories, ""Ghost Stories from the Raj"" explores themes of identity, belonging, and the choices that define a life. It remains a favourite on library shelves across India, cherished for its warmth and honesty.",1993,1st Edition,English,201,3.6
188,A Season of Ghosts,Ruskin Bond,9780606742252,Fiction/Stories,Horror/Short Stories,Historical | Calm,horror short stories;fiction;novel;leisure-reading;story;suspense,"Set against a richly drawn backdrop, this horror/short stories follows individuals confronting change in a world that refuses to stay still. Written in the tradition of horror/short stories, ""A Season of Ghosts"" explores themes of identity, belonging, and the choices that define a life. The book's accessible style and emotional honesty have made it a staple recommendation for readers of all ages.",2003,Special Edition,English,263,3.5
189,Death Under the Deodars,Ruskin Bond,9789322039776,Fiction/Stories,Mystery,Funny,mystery;fiction;novel;leisure-reading;story;suspense,"Spanning years and relationships, this mystery traces a journey that tests conviction as much as courage. Written in the tradition of mystery, ""Death Under the Deodars"" explores themes of identity, belonging, and the choices that define a life. It has earned a lasting place among readers who value a story that is both moving and memorable.",2016,1st Edition,English,370,4.7
190,Mr Oliver's Diary,Ruskin Bond,9780260628732,Fiction/Stories,Short Stories,Inspirational,short stories;fiction;novel;leisure-reading;story,"Set against a richly drawn backdrop, this short stories follows a cast of characters whose fates intertwine in unexpected ways. Written in the tradition of short stories, ""Mr Oliver's Diary"" explores themes of identity, belonging, and the choices that define a life. It has earned a lasting place among readers who value a story that is both moving and memorable.",2018,Special Edition,English,271,4.6
191,The Lady of the Lantern,Ruskin Bond,9789323087479,Fiction/Stories,Short Stories,Funny | Thought-provoking,short stories;fiction;novel;leisure-reading;story,"A memorable entry in short stories, the story follows a journey that tests conviction as much as courage. Written in the tradition of short stories, ""The Lady of the Lantern"" explores themes of identity, belonging, and the choices that define a life. The novel balances emotional depth with narrative pace, making it a perennial favourite among Indian readers.",2017,1st Edition,English,177,3.4
192,Harry Potter and the Sorcerer's Stone,J.K. Rowling,9789383116591,Fiction/Stories,Fantasy,Historical,fantasy;fiction;novel;leisure-reading;story,"A memorable entry in fantasy, the story follows a central figure caught between duty and desire. Written in the tradition of fantasy, ""Harry Potter and the Sorcerer's Stone"" explores themes of identity, belonging, and the choices that define a life. It has earned a lasting place among readers who value a story that is both moving and memorable.",1997,1st Edition,English,439,4.6
193,Harry Potter and the Chamber of Secrets,J.K. Rowling,9780925624697,Fiction/Stories,Fantasy,Thrilling | Suspenseful,fantasy;fiction;novel;leisure-reading;story,"A memorable entry in fantasy, the story follows lives shaped by history, tradition, and the quiet pressure of expectation. Written in the tradition of fantasy, ""Harry Potter and the Chamber of Secrets"" explores themes of identity, belonging, and the choices that define a life. The novel balances emotional depth with narrative pace, making it a perennial favourite among Indian readers.",1998,Paperback Edition,English,546,4.4
194,Harry Potter and the Prisoner of Azkaban,J.K. Rowling,9780332716763,Fiction/Stories,Fantasy,Fantasy | Educational,fantasy;fiction;novel;leisure-reading;story,"A memorable entry in fantasy, the story follows a protagonist forced to navigate love, loyalty, and the weight of the past. Written in the tradition of fantasy, ""Harry Potter and the Prisoner of Azkaban"" explores themes of identity, belonging, and the choices that define a life. The novel balances emotional depth with narrative pace, making it a perennial favourite among Indian readers.",1999,Popular Edition,English,519,4.2
195,Harry Potter and the Goblet of Fire,J.K. Rowling,9781459012417,Fiction/Stories,Fantasy,Thought-provoking | Heartwarming,fantasy;fiction;novel;leisure-reading;story,"This fantasy follows characters whose choices ripple across family, community, and circumstance. Written in the tradition of fantasy, ""Harry Potter and the Goblet of Fire"" explores themes of identity, belonging, and the choices that define a life. Its blend of atmosphere and character work has made it an enduring favourite for library borrowers.",2000,1st Edition,English,231,3.7
196,Harry Potter and the Order of the Phoenix,J.K. Rowling,9789398707951,Fiction/Stories,Fantasy,Dark | Mysterious | Funny,fantasy;fiction;novel;leisure-reading;story,"A memorable entry in fantasy, the story follows characters whose choices ripple across family, community, and circumstance. Written in the tradition of fantasy, ""Harry Potter and the Order of the Phoenix"" explores themes of identity, belonging, and the choices that define a life. It has earned a lasting place among readers who value a story that is both moving and memorable.",2003,Special Edition,English (Indian edition),537,3.9
197,Harry Potter and the Half-Blood Prince,J.K. Rowling,9789337080114,Fiction/Stories,Fantasy,Magical,fantasy;fiction;novel;leisure-reading;story,"Spanning years and relationships, this fantasy traces a cast of characters whose fates intertwine in unexpected ways. Written in the tradition of fantasy, ""Harry Potter and the Half-Blood Prince"" explores themes of identity, belonging, and the choices that define a life. The novel balances emotional depth with narrative pace, making it a perennial favourite among Indian readers.",2005,Popular Edition,English (Indian edition),319,3.7
198,Harry Potter and the Deathly Hallows,J.K. Rowling,9789310258509,Fiction/Stories,Fantasy,Adventure,fantasy;fiction;novel;leisure-reading;story,"Set against a richly drawn backdrop, this fantasy follows lives shaped by history, tradition, and the quiet pressure of expectation. Written in the tradition of fantasy, ""Harry Potter and the Deathly Hallows"" explores themes of identity, belonging, and the choices that define a life. It remains a favourite on library shelves across India, cherished for its warmth and honesty.",2007,1st Edition,English (Indian edition),178,3.7
199,The Alchemist,Paulo Coelho,9780364542224,Fiction/Stories,Philosophical Fiction,Suspenseful,philosophical fiction;fiction;novel;leisure-reading;story,"A memorable entry in philosophical fiction, the story follows a journey that tests conviction as much as courage. Written in the tradition of philosophical fiction, ""The Alchemist"" explores themes of identity, belonging, and the choices that define a life. The novel balances emotional depth with narrative pace, making it a perennial favourite among Indian readers.",1988,Reprint Edition,English (Indian edition),225,3.5
200,Brida,Paulo Coelho,9780934587266,Fiction/Stories,Philosophical Fiction,Epic,philosophical fiction;fiction;novel;leisure-reading;story,"Set against a richly drawn backdrop, this philosophical fiction follows individuals confronting change in a world that refuses to stay still. Written in the tradition of philosophical fiction, ""Brida"" explores themes of identity, belonging, and the choices that define a life. The novel balances emotional depth with narrative pace, making it a perennial favourite among Indian readers.",1990,Popular Edition,English,212,4.8
201,Veronika Decides to Die,Paulo Coelho,9781693975097,Fiction/Stories,Philosophical Fiction,Adventure | Inspirational | Historical,philosophical fiction;fiction;novel;leisure-reading;story,"In prose that lingers, Paulo Coelho follows individuals confronting change in a world that refuses to stay still. Written in the tradition of philosophical fiction, ""Veronika Decides to Die"" explores themes of identity, belonging, and the choices that define a life. It has earned a lasting place among readers who value a story that is both moving and memorable.",1998,Paperback Edition,English,149,4.4
202,Eleven Minutes,Paulo Coelho,9781722622183,Fiction/Stories,Philosophical Fiction,Adventure | Educational | Heartwarming,philosophical fiction;fiction;novel;leisure-reading;story,"Spanning years and relationships, this philosophical fiction traces lives shaped by history, tradition, and the quiet pressure of expectation. Written in the tradition of philosophical fiction, ""Eleven Minutes"" explores themes of identity, belonging, and the choices that define a life. The novel balances emotional depth with narrative pace, making it a perennial favourite among Indian readers.",2003,Paperback Edition,English,180,4.1
203,The Zahir,Paulo Coelho,9789317633965,Fiction/Stories,Philosophical Fiction,Fantasy | Mysterious,philosophical fiction;fiction;novel;leisure-reading;story,"This philosophical fiction follows a central figure caught between duty and desire. Written in the tradition of philosophical fiction, ""The Zahir"" explores themes of identity, belonging, and the choices that define a life. The result is a story that lingers well beyond its final page, popular among readers who return to it again and again.",2005,Reprint Edition,English,424,3.4
204,The Winner Stands Alone,Paulo Coelho,9781017407921,Fiction/Stories,Literary Fiction,Inspirational,literary fiction;fiction;novel;leisure-reading;story,"Spanning years and relationships, this literary fiction traces characters whose choices ripple across family, community, and circumstance. Written in the tradition of literary fiction, ""The Winner Stands Alone"" explores themes of identity, belonging, and the choices that define a life. The result is a story that lingers well beyond its final page, popular among readers who return to it again and again.",2008,Reprint Edition,English,586,4.1
205,Aleph,Paulo Coelho,9780976039235,Fiction/Stories,Philosophical Fiction,Magical | Epic | Adventure,philosophical fiction;fiction;novel;leisure-reading;story,"A memorable entry in philosophical fiction, the story follows a cast of characters whose fates intertwine in unexpected ways. Written in the tradition of philosophical fiction, ""Aleph"" explores themes of identity, belonging, and the choices that define a life. It remains a favourite on library shelves across India, cherished for its warmth and honesty.",2010,Reprint Edition,English,618,3.9
206,The Pilgrimage,Paulo Coelho,9789366619408,Fiction/Stories,Philosophical Fiction,Educational | Mysterious,philosophical fiction;fiction;novel;leisure-reading;story,"Set against a richly drawn backdrop, this philosophical fiction follows a cast of characters whose fates intertwine in unexpected ways. Written in the tradition of philosophical fiction, ""The Pilgrimage"" explores themes of identity, belonging, and the choices that define a life. It remains a favourite on library shelves across India, cherished for its warmth and honesty.",1987,Popular Edition,English,594,4.0
207,The Da Vinci Code,Dan Brown,9781413311907,Fiction/Stories,Thriller,Thought-provoking | Fantasy | Heartwarming,thriller;fiction;novel;leisure-reading;story;suspense,"Set against a richly drawn backdrop, this thriller follows a central figure caught between duty and desire. Written in the tradition of thriller, ""The Da Vinci Code"" explores themes of identity, belonging, and the choices that define a life. The novel balances emotional depth with narrative pace, making it a perennial favourite among Indian readers.",2003,Special Edition,English,219,4.3
208,Angels & Demons,Dan Brown,9789383390151,Fiction/Stories,Thriller,Funny,thriller;fiction;novel;leisure-reading;story;suspense,"A memorable entry in thriller, the story follows lives shaped by history, tradition, and the quiet pressure of expectation. Written in the tradition of thriller, ""Angels & Demons"" explores themes of identity, belonging, and the choices that define a life. Widely read and re-read, it continues to resonate with readers looking for both entertainment and insight.",2000,Special Edition,English,345,3.9
209,The Lost Symbol,Dan Brown,9781878000279,Fiction/Stories,Thriller,Funny | Inspirational | Heartwarming,thriller;fiction;novel;leisure-reading;story;suspense,"In prose that lingers, Dan Brown follows a journey that tests conviction as much as courage. Written in the tradition of thriller, ""The Lost Symbol"" explores themes of identity, belonging, and the choices that define a life. Its blend of atmosphere and character work has made it an enduring favourite for library borrowers.",2009,Paperback Edition,English,331,4.2
210,Inferno,Dan Brown,9781811596739,Fiction/Stories,Thriller,Romantic | Hopeful,thriller;fiction;novel;leisure-reading;story;suspense,"A memorable entry in thriller, the story follows a central figure caught between duty and desire. Written in the tradition of thriller, ""Inferno"" explores themes of identity, belonging, and the choices that define a life. The novel balances emotional depth with narrative pace, making it a perennial favourite among Indian readers.",2013,Paperback Edition,English,319,4.3
211,Origin,Dan Brown,9780041409765,Fiction/Stories,Thriller,Hopeful | Funny,thriller;fiction;novel;leisure-reading;story;suspense,"Set against a richly drawn backdrop, this thriller follows individuals confronting change in a world that refuses to stay still. Written in the tradition of thriller, ""Origin"" explores themes of identity, belonging, and the choices that define a life. The novel balances emotional depth with narrative pace, making it a perennial favourite among Indian readers.",2017,Popular Edition,English,157,4.6
212,And Then There Were None,Agatha Christie,9780328748532,Fiction/Stories,Mystery,Relaxing | Thought-provoking | Thrilling,mystery;fiction;novel;leisure-reading;story;suspense,"A memorable entry in mystery, the story follows lives shaped by history, tradition, and the quiet pressure of expectation. Written in the tradition of mystery, ""And Then There Were None"" explores themes of identity, belonging, and the choices that define a life. Widely read and re-read, it continues to resonate with readers looking for both entertainment and insight.",1939,1st Edition,English,301,3.5
213,Murder on the Orient Express,Agatha Christie,9781180529055,Fiction/Stories,Mystery,Fast-paced | Thrilling | Dark,mystery;fiction;novel;leisure-reading;story;suspense,"A memorable entry in mystery, the story follows a protagonist forced to navigate love, loyalty, and the weight of the past. Written in the tradition of mystery, ""Murder on the Orient Express"" explores themes of identity, belonging, and the choices that define a life. Its blend of atmosphere and character work has made it an enduring favourite for library borrowers.",1934,Popular Edition,English,306,4.5
214,The Murder of Roger Ackroyd,Agatha Christie,9789390097357,Fiction/Stories,Mystery,Emotional,mystery;fiction;novel;leisure-reading;story;suspense,"This mystery follows a journey that tests conviction as much as courage. Written in the tradition of mystery, ""The Murder of Roger Ackroyd"" explores themes of identity, belonging, and the choices that define a life. It remains a favourite on library shelves across India, cherished for its warmth and honesty.",1926,Paperback Edition,English,496,4.1
215,Death on the Nile,Agatha Christie,9780067495773,Fiction/Stories,Mystery,Thrilling | Fast-paced | Educational,mystery;fiction;novel;leisure-reading;story;suspense,"A memorable entry in mystery, the story follows lives shaped by history, tradition, and the quiet pressure of expectation. Written in the tradition of mystery, ""Death on the Nile"" explores themes of identity, belonging, and the choices that define a life. Its blend of atmosphere and character work has made it an enduring favourite for library borrowers.",1937,Popular Edition,English,589,3.9
216,The ABC Murders,Agatha Christie,9781023813198,Fiction/Stories,Mystery,Epic,mystery;fiction;novel;leisure-reading;story;suspense,"In prose that lingers, Agatha Christie follows a cast of characters whose fates intertwine in unexpected ways. Written in the tradition of mystery, ""The ABC Murders"" explores themes of identity, belonging, and the choices that define a life. The novel balances emotional depth with narrative pace, making it a perennial favourite among Indian readers.",1936,Popular Edition,English,342,4.8
217,Evil Under the Sun,Agatha Christie,9789304084978,Fiction/Stories,Mystery,Suspenseful,mystery;fiction;novel;leisure-reading;story;suspense,"Told with a distinct narrative voice, this novel follows a cast of characters whose fates intertwine in unexpected ways. Written in the tradition of mystery, ""Evil Under the Sun"" explores themes of identity, belonging, and the choices that define a life. The result is a story that lingers well beyond its final page, popular among readers who return to it again and again.",1941,Reprint Edition,English,546,4.5
218,Sherlock Holmes: A Study in Scarlet,Arthur Conan Doyle,9789359874098,Fiction/Stories,Mystery,Inspirational | Epic | Emotional,mystery;fiction;novel;leisure-reading;story;suspense,"A memorable entry in mystery, the story follows individuals confronting change in a world that refuses to stay still. Written in the tradition of mystery, ""Sherlock Holmes: A Study in Scarlet"" explores themes of identity, belonging, and the choices that define a life. Its blend of atmosphere and character work has made it an enduring favourite for library borrowers.",1887,Special Edition,English,497,4.0
219,The Hound of the Baskervilles,Arthur Conan Doyle,9789372890907,Fiction/Stories,Mystery,Romantic | Thrilling,mystery;fiction;novel;leisure-reading;story;suspense,"This mystery follows a cast of characters whose fates intertwine in unexpected ways. Written in the tradition of mystery, ""The Hound of the Baskervilles"" explores themes of identity, belonging, and the choices that define a life. The novel balances emotional depth with narrative pace, making it a perennial favourite among Indian readers.",1902,Paperback Edition,English,605,4.2
220,The Sign of Four,Arthur Conan Doyle,9789348870568,Fiction/Stories,Mystery,Emotional | Thrilling | Relaxing,mystery;fiction;novel;leisure-reading;story;suspense,"This mystery follows individuals confronting change in a world that refuses to stay still. Written in the tradition of mystery, ""The Sign of Four"" explores themes of identity, belonging, and the choices that define a life. It remains a favourite on library shelves across India, cherished for its warmth and honesty.",1890,Popular Edition,English,420,3.6
221,The Adventures of Sherlock Holmes,Arthur Conan Doyle,9780188391596,Fiction/Stories,Short Stories,Romantic,short stories;fiction;novel;leisure-reading;story,"Told with a distinct narrative voice, this novel follows a journey that tests conviction as much as courage. Written in the tradition of short stories, ""The Adventures of Sherlock Holmes"" explores themes of identity, belonging, and the choices that define a life. It remains a favourite on library shelves across India, cherished for its warmth and honesty.",1892,Reprint Edition,English,442,4.1
222,Life of Pi,Yann Martel,9780493447087,Fiction/Stories,Adventure Fiction,Funny,adventure fiction;fiction;novel;leisure-reading;story,"Set against a richly drawn backdrop, this adventure fiction follows a journey that tests conviction as much as courage. Written in the tradition of adventure fiction, ""Life of Pi"" explores themes of identity, belonging, and the choices that define a life. Its blend of atmosphere and character work has made it an enduring favourite for library borrowers.",2001,Reprint Edition,English,610,3.3
223,The Kite Runner,Khaled Hosseini,9780696087219,Fiction/Stories,Literary Fiction,Fantasy | Calm | Historical,literary fiction;fiction;novel;leisure-reading;story,"This literary fiction follows lives shaped by history, tradition, and the quiet pressure of expectation. Written in the tradition of literary fiction, ""The Kite Runner"" explores themes of identity, belonging, and the choices that define a life. Its blend of atmosphere and character work has made it an enduring favourite for library borrowers.",2003,1st Edition,English,254,4.6
224,A Thousand Splendid Suns,Khaled Hosseini,9789361506284,Fiction/Stories,Literary Fiction,Hopeful | Epic,literary fiction;fiction;novel;leisure-reading;story,"This literary fiction follows characters whose choices ripple across family, community, and circumstance. Written in the tradition of literary fiction, ""A Thousand Splendid Suns"" explores themes of identity, belonging, and the choices that define a life. It has earned a lasting place among readers who value a story that is both moving and memorable.",2007,Popular Edition,English,352,4.7
225,And the Mountains Echoed,Khaled Hosseini,9780873592178,Fiction/Stories,Literary Fiction,Adventure | Heartwarming | Funny,literary fiction;fiction;novel;leisure-reading;story,"A memorable entry in literary fiction, the story follows characters whose choices ripple across family, community, and circumstance. Written in the tradition of literary fiction, ""And the Mountains Echoed"" explores themes of identity, belonging, and the choices that define a life. Widely read and re-read, it continues to resonate with readers looking for both entertainment and insight.",2013,Special Edition,English,606,3.6
226,To Kill a Mockingbird,Harper Lee,9789343011959,Fiction/Stories,Classic Literary Fiction,Magical | Calm | Funny,classic literary fiction;fiction;novel;leisure-reading;story,"In prose that lingers, Harper Lee follows lives shaped by history, tradition, and the quiet pressure of expectation. Written in the tradition of classic literary fiction, ""To Kill a Mockingbird"" explores themes of identity, belonging, and the choices that define a life. It remains a favourite on library shelves across India, cherished for its warmth and honesty.",1960,Paperback Edition,English,454,4.2
227,1984,George Orwell,9780417249162,Fiction/Stories,Dystopian Fiction,Fantasy | Funny | Suspenseful,dystopian fiction;fiction;novel;leisure-reading;story,"A memorable entry in dystopian fiction, the story follows individuals confronting change in a world that refuses to stay still. Written in the tradition of dystopian fiction, ""1984"" explores themes of identity, belonging, and the choices that define a life. The result is a story that lingers well beyond its final page, popular among readers who return to it again and again.",1949,1st Edition,English,232,4.4
228,Animal Farm,George Orwell,9780812266467,Fiction/Stories,Political Satire,Fantasy | Relaxing | Fast-paced,political satire;fiction;novel;leisure-reading;story,"Spanning years and relationships, this political satire traces a journey that tests conviction as much as courage. Written in the tradition of political satire, ""Animal Farm"" explores themes of identity, belonging, and the choices that define a life. The book's accessible style and emotional honesty have made it a staple recommendation for readers of all ages.",1945,Popular Edition,English,587,4.8
229,Pride and Prejudice,Jane Austen,9789343988923,Fiction/Stories,Classic Romance,Educational,classic romance;fiction;novel;leisure-reading;story;romance,"This classic romance follows a central figure caught between duty and desire. Written in the tradition of classic romance, ""Pride and Prejudice"" explores themes of identity, belonging, and the choices that define a life. The book's accessible style and emotional honesty have made it a staple recommendation for readers of all ages.",1813,Paperback Edition,English,295,4.9
230,Sense and Sensibility,Jane Austen,9781188431411,Fiction/Stories,Classic Romance,Adventure,classic romance;fiction;novel;leisure-reading;story;romance,"This classic romance follows a protagonist forced to navigate love, loyalty, and the weight of the past. Written in the tradition of classic romance, ""Sense and Sensibility"" explores themes of identity, belonging, and the choices that define a life. The result is a story that lingers well beyond its final page, popular among readers who return to it again and again.",1811,Special Edition,English,124,4.7
231,Emma,Jane Austen,9780593571668,Fiction/Stories,Classic Romance,Fantasy | Hopeful | Historical,classic romance;fiction;novel;leisure-reading;story;romance,"In prose that lingers, Jane Austen follows a central figure caught between duty and desire. Written in the tradition of classic romance, ""Emma"" explores themes of identity, belonging, and the choices that define a life. Widely read and re-read, it continues to resonate with readers looking for both entertainment and insight.",1815,Paperback Edition,English,168,3.9
232,The Great Gatsby,F. Scott Fitzgerald,9781400519613,Fiction/Stories,Classic Literary Fiction,Dark | Fast-paced | Thrilling,classic literary fiction;fiction;novel;leisure-reading;story,"Spanning years and relationships, this classic literary fiction traces a cast of characters whose fates intertwine in unexpected ways. Written in the tradition of classic literary fiction, ""The Great Gatsby"" explores themes of identity, belonging, and the choices that define a life. The book's accessible style and emotional honesty have made it a staple recommendation for readers of all ages.",1925,Popular Edition,English,212,3.6
233,One Hundred Years of Solitude,Gabriel Garcia Marquez,9789345032358,Fiction/Stories,Magical Realism,Calm,magical realism;fiction;novel;leisure-reading;story,"In prose that lingers, Gabriel Garcia Marquez follows lives shaped by history, tradition, and the quiet pressure of expectation. Written in the tradition of magical realism, ""One Hundred Years of Solitude"" explores themes of identity, belonging, and the choices that define a life. The book's accessible style and emotional honesty have made it a staple recommendation for readers of all ages.",1967,Special Edition,English,272,4.8
234,Love in the Time of Cholera,Gabriel Garcia Marquez,9780897893084,Fiction/Stories,Magical Realism,Magical,magical realism;fiction;novel;leisure-reading;story,"Told with a distinct narrative voice, this novel follows a central figure caught between duty and desire. Written in the tradition of magical realism, ""Love in the Time of Cholera"" explores themes of identity, belonging, and the choices that define a life. Its blend of atmosphere and character work has made it an enduring favourite for library borrowers.",1985,Popular Edition,English,130,4.6
235,The Catcher in the Rye,J.D. Salinger,9789359174310,Fiction/Stories,Coming-of-age,Suspenseful | Calm,coming of age;fiction;novel;leisure-reading;story,"In prose that lingers, J.D. Salinger follows a journey that tests conviction as much as courage. Written in the tradition of coming-of-age, ""The Catcher in the Rye"" explores themes of identity, belonging, and the choices that define a life. It has earned a lasting place among readers who value a story that is both moving and memorable.",1951,1st Edition,English,194,4.4
236,Brave New World,Aldous Huxley,9789374025604,Fiction/Stories,Dystopian Fiction,Suspenseful | Dark | Mysterious,dystopian fiction;fiction;novel;leisure-reading;story,"Spanning years and relationships, this dystopian fiction traces lives shaped by history, tradition, and the quiet pressure of expectation. Written in the tradition of dystopian fiction, ""Brave New World"" explores themes of identity, belonging, and the choices that define a life. Its blend of atmosphere and character work has made it an enduring favourite for library borrowers.",1932,Popular Edition,English,499,4.6
237,Crime and Punishment,Fyodor Dostoevsky,9789382632030,Fiction/Stories,Classic Literary Fiction,Thrilling,classic literary fiction;fiction;novel;leisure-reading;story,"Told with a distinct narrative voice, this novel follows lives shaped by history, tradition, and the quiet pressure of expectation. Written in the tradition of classic literary fiction, ""Crime and Punishment"" explores themes of identity, belonging, and the choices that define a life. The book's accessible style and emotional honesty have made it a staple recommendation for readers of all ages.",1866,Paperback Edition,English,377,4.8
238,War and Peace,Leo Tolstoy,9789377313272,Fiction/Stories,Historical Fiction,Calm,historical fiction;fiction;novel;leisure-reading;story;history,"Told with a distinct narrative voice, this novel follows characters whose choices ripple across family, community, and circumstance. Written in the tradition of historical fiction, ""War and Peace"" explores themes of identity, belonging, and the choices that define a life. The book's accessible style and emotional honesty have made it a staple recommendation for readers of all ages.",1869,Reprint Edition,English,552,3.5
239,Anna Karenina,Leo Tolstoy,9789318214057,Fiction/Stories,Classic Literary Fiction,Educational | Historical | Fast-paced,classic literary fiction;fiction;novel;leisure-reading;story,"Set against a richly drawn backdrop, this classic literary fiction follows lives shaped by history, tradition, and the quiet pressure of expectation. Written in the tradition of classic literary fiction, ""Anna Karenina"" explores themes of identity, belonging, and the choices that define a life. The novel balances emotional depth with narrative pace, making it a perennial favourite among Indian readers.",1877,Popular Edition,English,474,4.0
240,Wuthering Heights,Emily Bronte,9789362266583,Fiction/Stories,Gothic Romance,Fantasy | Suspenseful | Historical,gothic romance;fiction;novel;leisure-reading;story;romance,"In prose that lingers, Emily Bronte follows characters whose choices ripple across family, community, and circumstance. Written in the tradition of gothic romance, ""Wuthering Heights"" explores themes of identity, belonging, and the choices that define a life. Widely read and re-read, it continues to resonate with readers looking for both entertainment and insight.",1847,1st Edition,English,434,4.6
241,Jane Eyre,Charlotte Bronte,9789348298447,Fiction/Stories,Gothic Romance,Fast-paced,gothic romance;fiction;novel;leisure-reading;story;romance,"This gothic romance follows a journey that tests conviction as much as courage. Written in the tradition of gothic romance, ""Jane Eyre"" explores themes of identity, belonging, and the choices that define a life. Its blend of atmosphere and character work has made it an enduring favourite for library borrowers.",1847,Reprint Edition,English,285,4.1
242,Little Women,Louisa May Alcott,9789338016099,Fiction/Stories,Coming-of-age,Suspenseful,coming of age;fiction;novel;leisure-reading;story,"This coming-of-age follows a protagonist forced to navigate love, loyalty, and the weight of the past. Written in the tradition of coming-of-age, ""Little Women"" explores themes of identity, belonging, and the choices that define a life. The book's accessible style and emotional honesty have made it a staple recommendation for readers of all ages.",1868,1st Edition,English,559,4.2
243,The Adventures of Tom Sawyer,Mark Twain,9781751052982,Fiction/Stories,Classic Adventure,Adventure,classic adventure;fiction;novel;leisure-reading;story,"In prose that lingers, Mark Twain follows individuals confronting change in a world that refuses to stay still. Written in the tradition of classic adventure, ""The Adventures of Tom Sawyer"" explores themes of identity, belonging, and the choices that define a life. The result is a story that lingers well beyond its final page, popular among readers who return to it again and again.",1876,Popular Edition,English,588,3.9
244,The Adventures of Huckleberry Finn,Mark Twain,9789355073105,Fiction/Stories,Classic Adventure,Educational,classic adventure;fiction;novel;leisure-reading;story,"Set against a richly drawn backdrop, this classic adventure follows a central figure caught between duty and desire. Written in the tradition of classic adventure, ""The Adventures of Huckleberry Finn"" explores themes of identity, belonging, and the choices that define a life. The result is a story that lingers well beyond its final page, popular among readers who return to it again and again.",1884,Reprint Edition,English,568,4.3
245,Moby-Dick,Herman Melville,9780616835234,Fiction/Stories,Classic Literary Fiction,Educational | Magical | Hopeful,classic literary fiction;fiction;novel;leisure-reading;story,"Set against a richly drawn backdrop, this classic literary fiction follows individuals confronting change in a world that refuses to stay still. Written in the tradition of classic literary fiction, ""Moby-Dick"" explores themes of identity, belonging, and the choices that define a life. Its blend of atmosphere and character work has made it an enduring favourite for library borrowers.",1851,1st Edition,English,422,4.5
246,Frankenstein,Mary Shelley,9789355181695,Fiction/Stories,Gothic Science Fiction,Mysterious,gothic science fiction;fiction;novel;leisure-reading;story,"Told with a distinct narrative voice, this novel follows lives shaped by history, tradition, and the quiet pressure of expectation. Written in the tradition of gothic science fiction, ""Frankenstein"" explores themes of identity, belonging, and the choices that define a life. Widely read and re-read, it continues to resonate with readers looking for both entertainment and insight.",1818,Reprint Edition,English,341,3.5
247,Dracula,Bram Stoker,9789326588454,Fiction/Stories,Gothic Horror,Inspirational | Fantasy,gothic horror;fiction;novel;leisure-reading;story;suspense,"Set against a richly drawn backdrop, this gothic horror follows characters whose choices ripple across family, community, and circumstance. Written in the tradition of gothic horror, ""Dracula"" explores themes of identity, belonging, and the choices that define a life. The result is a story that lingers well beyond its final page, popular among readers who return to it again and again.",1897,Reprint Edition,English,343,4.0
248,The Picture of Dorian Gray,Oscar Wilde,9780116330796,Fiction/Stories,Gothic Fiction,Relaxing,gothic fiction;fiction;novel;leisure-reading;story,"Told with a distinct narrative voice, this novel follows a journey that tests conviction as much as courage. Written in the tradition of gothic fiction, ""The Picture of Dorian Gray"" explores themes of identity, belonging, and the choices that define a life. The novel balances emotional depth with narrative pace, making it a perennial favourite among Indian readers.",1890,Reprint Edition,English,325,4.7
249,Don Quixote,Miguel de Cervantes,9789377093655,Fiction/Stories,Classic Literary Fiction,Epic | Fantasy,classic literary fiction;fiction;novel;leisure-reading;story,"Set against a richly drawn backdrop, this classic literary fiction follows a protagonist forced to navigate love, loyalty, and the weight of the past. Written in the tradition of classic literary fiction, ""Don Quixote"" explores themes of identity, belonging, and the choices that define a life. It remains a favourite on library shelves across India, cherished for its warmth and honesty.",1605,Paperback Edition,English,323,4.1
250,The Old Man and the Sea,Ernest Hemingway,9789393985088,Fiction/Stories,Classic Literary Fiction,Inspirational,classic literary fiction;fiction;novel;leisure-reading;story,"Set against a richly drawn backdrop, this classic literary fiction follows characters whose choices ripple across family, community, and circumstance. Written in the tradition of classic literary fiction, ""The Old Man and the Sea"" explores themes of identity, belonging, and the choices that define a life. The book's accessible style and emotional honesty have made it a staple recommendation for readers of all ages.",1952,Paperback Edition,English,267,3.6
251,A Farewell to Arms,Ernest Hemingway,9781600894817,Fiction/Stories,Historical Fiction,Inspirational | Thought-provoking | Heartwarming,historical fiction;fiction;novel;leisure-reading;story;history,"A memorable entry in historical fiction, the story follows lives shaped by history, tradition, and the quiet pressure of expectation. Written in the tradition of historical fiction, ""A Farewell to Arms"" explores themes of identity, belonging, and the choices that define a life. The novel balances emotional depth with narrative pace, making it a perennial favourite among Indian readers.",1929,1st Edition,English,151,3.4
252,The Sun Also Rises,Ernest Hemingway,9781855734777,Fiction/Stories,Classic Literary Fiction,Relaxing | Funny,classic literary fiction;fiction;novel;leisure-reading;story,"Spanning years and relationships, this classic literary fiction traces lives shaped by history, tradition, and the quiet pressure of expectation. Written in the tradition of classic literary fiction, ""The Sun Also Rises"" explores themes of identity, belonging, and the choices that define a life. Widely read and re-read, it continues to resonate with readers looking for both entertainment and insight.",1926,Special Edition,English,368,3.9
253,The Hobbit,J.R.R. Tolkien,9781680742305,Fiction/Stories,Fantasy,Inspirational | Relaxing,fantasy;fiction;novel;leisure-reading;story,"A memorable entry in fantasy, the story follows individuals confronting change in a world that refuses to stay still. Written in the tradition of fantasy, ""The Hobbit"" explores themes of identity, belonging, and the choices that define a life. The result is a story that lingers well beyond its final page, popular among readers who return to it again and again.",1937,Paperback Edition,English,309,4.0
254,The Fellowship of the Ring,J.R.R. Tolkien,9781061251020,Fiction/Stories,Fantasy,Heartwarming | Calm,fantasy;fiction;novel;leisure-reading;story,"Told with a distinct narrative voice, this novel follows a central figure caught between duty and desire. Written in the tradition of fantasy, ""The Fellowship of the Ring"" explores themes of identity, belonging, and the choices that define a life. The result is a story that lingers well beyond its final page, popular among readers who return to it again and again.",1954,Special Edition,English,146,4.4
255,The Two Towers,J.R.R. Tolkien,9781838523930,Fiction/Stories,Fantasy,Inspirational | Calm,fantasy;fiction;novel;leisure-reading;story,"Set against a richly drawn backdrop, this fantasy follows a journey that tests conviction as much as courage. Written in the tradition of fantasy, ""The Two Towers"" explores themes of identity, belonging, and the choices that define a life. The book's accessible style and emotional honesty have made it a staple recommendation for readers of all ages.",1954,Special Edition,English,263,4.5
256,The Return of the King,J.R.R. Tolkien,9780315335387,Fiction/Stories,Fantasy,Mysterious | Hopeful,fantasy;fiction;novel;leisure-reading;story,"Spanning years and relationships, this fantasy traces a central figure caught between duty and desire. Written in the tradition of fantasy, ""The Return of the King"" explores themes of identity, belonging, and the choices that define a life. The novel balances emotional depth with narrative pace, making it a perennial favourite among Indian readers.",1955,Paperback Edition,English,506,3.5
257,"The Chronicles of Narnia: The Lion, the Witch and the Wardrobe",C.S. Lewis,9781194685426,Fiction/Stories,Fantasy,Thought-provoking | Educational,fantasy;fiction;novel;leisure-reading;story,"Set against a richly drawn backdrop, this fantasy follows a protagonist forced to navigate love, loyalty, and the weight of the past. Written in the tradition of fantasy, ""The Chronicles of Narnia: The Lion, the Witch and the Wardrobe"" explores themes of identity, belonging, and the choices that define a life. It remains a favourite on library shelves across India, cherished for its warmth and honesty.",1950,Popular Edition,English,273,4.2
258,Prince Caspian,C.S. Lewis,9781802849271,Fiction/Stories,Fantasy,Suspenseful | Calm,fantasy;fiction;novel;leisure-reading;story,"A memorable entry in fantasy, the story follows a cast of characters whose fates intertwine in unexpected ways. Written in the tradition of fantasy, ""Prince Caspian"" explores themes of identity, belonging, and the choices that define a life. The result is a story that lingers well beyond its final page, popular among readers who return to it again and again.",1951,Reprint Edition,English,327,3.5
259,A Game of Thrones,George R.R. Martin,9789312490464,Fiction/Stories,Fantasy,Epic | Adventure,fantasy;fiction;novel;leisure-reading;story,"Set against a richly drawn backdrop, this fantasy follows a protagonist forced to navigate love, loyalty, and the weight of the past. Written in the tradition of fantasy, ""A Game of Thrones"" explores themes of identity, belonging, and the choices that define a life. The book's accessible style and emotional honesty have made it a staple recommendation for readers of all ages.",1996,Paperback Edition,English,297,3.9
260,A Clash of Kings,George R.R. Martin,9780653321080,Fiction/Stories,Fantasy,Thrilling | Thought-provoking | Mysterious,fantasy;fiction;novel;leisure-reading;story,"In prose that lingers, George R.R. Martin follows a protagonist forced to navigate love, loyalty, and the weight of the past. Written in the tradition of fantasy, ""A Clash of Kings"" explores themes of identity, belonging, and the choices that define a life. The novel balances emotional depth with narrative pace, making it a perennial favourite among Indian readers.",1998,1st Edition,English,483,4.5
261,Dune,Frank Herbert,9789319211352,Fiction/Stories,Science Fiction,Romantic,science fiction;fiction;novel;leisure-reading;story,"In prose that lingers, Frank Herbert follows a cast of characters whose fates intertwine in unexpected ways. Written in the tradition of science fiction, ""Dune"" explores themes of identity, belonging, and the choices that define a life. Its blend of atmosphere and character work has made it an enduring favourite for library borrowers.",1965,1st Edition,English,221,4.0
262,Foundation,Isaac Asimov,9780263252743,Fiction/Stories,Science Fiction,Suspenseful | Dark,science fiction;fiction;novel;leisure-reading;story,"A memorable entry in science fiction, the story follows a journey that tests conviction as much as courage. Written in the tradition of science fiction, ""Foundation"" explores themes of identity, belonging, and the choices that define a life. It remains a favourite on library shelves across India, cherished for its warmth and honesty.",1951,Paperback Edition,English,148,3.5
263,"I, Robot",Isaac Asimov,9780087468962,Fiction/Stories,Science Fiction,Romantic | Dark,science fiction;fiction;novel;leisure-reading;story,"A memorable entry in science fiction, the story follows a central figure caught between duty and desire. Written in the tradition of science fiction, ""I, Robot"" explores themes of identity, belonging, and the choices that define a life. It remains a favourite on library shelves across India, cherished for its warmth and honesty.",1950,Reprint Edition,English,546,3.5
264,Neuromancer,William Gibson,9781395058616,Fiction/Stories,Science Fiction,Funny | Emotional,science fiction;fiction;novel;leisure-reading;story,"In prose that lingers, William Gibson follows lives shaped by history, tradition, and the quiet pressure of expectation. Written in the tradition of science fiction, ""Neuromancer"" explores themes of identity, belonging, and the choices that define a life. The novel balances emotional depth with narrative pace, making it a perennial favourite among Indian readers.",1984,Special Edition,English,167,4.0
265,The Martian,Andy Weir,9781448234561,Fiction/Stories,Science Fiction,Adventure | Suspenseful,science fiction;fiction;novel;leisure-reading;story,"Told with a distinct narrative voice, this novel follows lives shaped by history, tradition, and the quiet pressure of expectation. Written in the tradition of science fiction, ""The Martian"" explores themes of identity, belonging, and the choices that define a life. It remains a favourite on library shelves across India, cherished for its warmth and honesty.",2011,Reprint Edition,English,505,4.4
266,Ender's Game,Orson Scott Card,9780023415296,Fiction/Stories,Science Fiction,Historical | Thought-provoking | Emotional,science fiction;fiction;novel;leisure-reading;story,"Set against a richly drawn backdrop, this science fiction follows a journey that tests conviction as much as courage. Written in the tradition of science fiction, ""Ender's Game"" explores themes of identity, belonging, and the choices that define a life. It has earned a lasting place among readers who value a story that is both moving and memorable.",1985,Paperback Edition,English,169,4.2
267,Fahrenheit 451,Ray Bradbury,9781647639327,Fiction/Stories,Dystopian Fiction,Emotional,dystopian fiction;fiction;novel;leisure-reading;story,"A memorable entry in dystopian fiction, the story follows a cast of characters whose fates intertwine in unexpected ways. Written in the tradition of dystopian fiction, ""Fahrenheit 451"" explores themes of identity, belonging, and the choices that define a life. It remains a favourite on library shelves across India, cherished for its warmth and honesty.",1953,Special Edition,English,478,4.8
268,Slaughterhouse-Five,Kurt Vonnegut,9781423138297,Fiction/Stories,Satire/Science Fiction,Thought-provoking | Relaxing | Calm,satire science fiction;fiction;novel;leisure-reading;story,"This satire/science fiction follows a journey that tests conviction as much as courage. Written in the tradition of satire/science fiction, ""Slaughterhouse-Five"" explores themes of identity, belonging, and the choices that define a life. The novel balances emotional depth with narrative pace, making it a perennial favourite among Indian readers.",1969,Special Edition,English,454,4.4
269,The Road,Cormac McCarthy,9789362159472,Fiction/Stories,Post-apocalyptic Fiction,Calm,post apocalyptic fiction;fiction;novel;leisure-reading;story,"Spanning years and relationships, this post-apocalyptic fiction traces characters whose choices ripple across family, community, and circumstance. Written in the tradition of post-apocalyptic fiction, ""The Road"" explores themes of identity, belonging, and the choices that define a life. It remains a favourite on library shelves across India, cherished for its warmth and honesty.",2006,Reprint Edition,English,306,4.1
270,Beloved,Toni Morrison,9789322180942,Fiction/Stories,Historical Fiction,Suspenseful,historical fiction;fiction;novel;leisure-reading;story;history,"Told with a distinct narrative voice, this novel follows individuals confronting change in a world that refuses to stay still. Written in the tradition of historical fiction, ""Beloved"" explores themes of identity, belonging, and the choices that define a life. It has earned a lasting place among readers who value a story that is both moving and memorable.",1987,1st Edition,English,528,4.3
271,The Book Thief,Markus Zusak,9781722941741,Fiction/Stories,Historical Fiction,Educational | Epic,historical fiction;fiction;novel;leisure-reading;story;history,"Spanning years and relationships, this historical fiction traces a journey that tests conviction as much as courage. Written in the tradition of historical fiction, ""The Book Thief"" explores themes of identity, belonging, and the choices that define a life. It has earned a lasting place among readers who value a story that is both moving and memorable.",2005,Popular Edition,English,536,3.9
272,All the Light We Cannot See,Anthony Doerr,9789384739560,Fiction/Stories,Historical Fiction,Romantic,historical fiction;fiction;novel;leisure-reading;story;history,"Spanning years and relationships, this historical fiction traces a central figure caught between duty and desire. Written in the tradition of historical fiction, ""All the Light We Cannot See"" explores themes of identity, belonging, and the choices that define a life. It remains a favourite on library shelves across India, cherished for its warmth and honesty.",2014,Paperback Edition,English,435,4.1
273,Gone Girl,Gillian Flynn,9781741037968,Fiction/Stories,Psychological Thriller,Adventure,psychological thriller;fiction;novel;leisure-reading;story;suspense,"Told with a distinct narrative voice, this novel follows individuals confronting change in a world that refuses to stay still. Written in the tradition of psychological thriller, ""Gone Girl"" explores themes of identity, belonging, and the choices that define a life. The novel balances emotional depth with narrative pace, making it a perennial favourite among Indian readers.",2012,Popular Edition,English,290,4.3
274,The Girl with the Dragon Tattoo,Stieg Larsson,9781625007452,Fiction/Stories,Crime Fiction,Educational | Heartwarming | Romantic,crime fiction;fiction;novel;leisure-reading;story;suspense,"Told with a distinct narrative voice, this novel follows a central figure caught between duty and desire. Written in the tradition of crime fiction, ""The Girl with the Dragon Tattoo"" explores themes of identity, belonging, and the choices that define a life. The novel balances emotional depth with narrative pace, making it a perennial favourite among Indian readers.",2005,Paperback Edition,English,559,3.5
275,Rebecca,Daphne du Maurier,9781740777957,Fiction/Stories,Gothic Mystery,Emotional | Funny,gothic mystery;fiction;novel;leisure-reading;story;suspense,"This gothic mystery follows individuals confronting change in a world that refuses to stay still. Written in the tradition of gothic mystery, ""Rebecca"" explores themes of identity, belonging, and the choices that define a life. The novel balances emotional depth with narrative pace, making it a perennial favourite among Indian readers.",1938,1st Edition,English,135,4.4
276,The Fault in Our Stars,John Green,9781565332416,Fiction/Stories,Young Adult Fiction,Historical | Emotional,young adult fiction;fiction;novel;leisure-reading;story;young-readers,"A memorable entry in young adult fiction, the story follows a journey that tests conviction as much as courage. Written in the tradition of young adult fiction, ""The Fault in Our Stars"" explores themes of identity, belonging, and the choices that define a life. Widely read and re-read, it continues to resonate with readers looking for both entertainment and insight.",2012,Popular Edition,English,511,4.7
277,Looking for Alaska,John Green,9781059527755,Fiction/Stories,Young Adult Fiction,Magical | Epic,young adult fiction;fiction;novel;leisure-reading;story;young-readers,"Told with a distinct narrative voice, this novel follows a protagonist forced to navigate love, loyalty, and the weight of the past. Written in the tradition of young adult fiction, ""Looking for Alaska"" explores themes of identity, belonging, and the choices that define a life. Widely read and re-read, it continues to resonate with readers looking for both entertainment and insight.",2005,Reprint Edition,English,268,4.7
278,Percy Jackson and the Lightning Thief,Rick Riordan,9780196826080,Fiction/Stories,Fantasy/YA,Suspenseful | Fantasy,fantasy ya;fiction;novel;leisure-reading;story;young-readers,"A memorable entry in fantasy/ya, the story follows a journey that tests conviction as much as courage. Written in the tradition of fantasy/ya, ""Percy Jackson and the Lightning Thief"" explores themes of identity, belonging, and the choices that define a life. The result is a story that lingers well beyond its final page, popular among readers who return to it again and again.",2005,Reprint Edition,English,148,3.6
279,Matilda,Roald Dahl,9789378139215,Fiction/Stories,Children's Fiction,Dark,children's fiction;fiction;novel;leisure-reading;story;young-readers,"A memorable entry in children's fiction, the story follows lives shaped by history, tradition, and the quiet pressure of expectation. Written in the tradition of children's fiction, ""Matilda"" explores themes of identity, belonging, and the choices that define a life. The novel balances emotional depth with narrative pace, making it a perennial favourite among Indian readers.",1988,Special Edition,English,620,4.2
280,Charlie and the Chocolate Factory,Roald Dahl,9780909665845,Fiction/Stories,Children's Fiction,Epic | Inspirational | Suspenseful,children's fiction;fiction;novel;leisure-reading;story;young-readers,"Told with a distinct narrative voice, this novel follows individuals confronting change in a world that refuses to stay still. Written in the tradition of children's fiction, ""Charlie and the Chocolate Factory"" explores themes of identity, belonging, and the choices that define a life. It has earned a lasting place among readers who value a story that is both moving and memorable.",1964,Special Edition,English,162,3.8
281,James and the Giant Peach,Roald Dahl,9781354926352,Fiction/Stories,Children's Fiction,Suspenseful | Emotional,children's fiction;fiction;novel;leisure-reading;story;young-readers,"Spanning years and relationships, this children's fiction traces lives shaped by history, tradition, and the quiet pressure of expectation. Written in the tradition of children's fiction, ""James and the Giant Peach"" explores themes of identity, belonging, and the choices that define a life. Its blend of atmosphere and character work has made it an enduring favourite for library borrowers.",1961,Reprint Edition,English,272,3.6
282,The Jungle Book,Rudyard Kipling,9780303236566,Fiction/Stories,Children's Classic,Educational | Mysterious | Funny,children's classic;fiction;novel;leisure-reading;story;young-readers,"A memorable entry in children's classic, the story follows a protagonist forced to navigate love, loyalty, and the weight of the past. Written in the tradition of children's classic, ""The Jungle Book"" explores themes of identity, belonging, and the choices that define a life. It has earned a lasting place among readers who value a story that is both moving and memorable.",1894,1st Edition,English,507,3.3
283,Charlotte's Web,E.B. White,9780621903676,Fiction/Stories,Children's Fiction,Historical | Mysterious | Funny,children's fiction;fiction;novel;leisure-reading;story;young-readers,"Told with a distinct narrative voice, this novel follows a central figure caught between duty and desire. Written in the tradition of children's fiction, ""Charlotte's Web"" explores themes of identity, belonging, and the choices that define a life. The novel balances emotional depth with narrative pace, making it a perennial favourite among Indian readers.",1952,Popular Edition,English,557,3.8
284,The Wind in the Willows,Kenneth Grahame,9789392205927,Fiction/Stories,Children's Classic,Historical | Magical,children's classic;fiction;novel;leisure-reading;story;young-readers,"This children's classic follows a protagonist forced to navigate love, loyalty, and the weight of the past. Written in the tradition of children's classic, ""The Wind in the Willows"" explores themes of identity, belonging, and the choices that define a life. Its blend of atmosphere and character work has made it an enduring favourite for library borrowers.",1908,Paperback Edition,English,520,4.4
285,Alice's Adventures in Wonderland,Lewis Carroll,9789364584883,Fiction/Stories,Classic Fantasy,Educational | Adventure,classic fantasy;fiction;novel;leisure-reading;story,"Told with a distinct narrative voice, this novel follows a cast of characters whose fates intertwine in unexpected ways. Written in the tradition of classic fantasy, ""Alice's Adventures in Wonderland"" explores themes of identity, belonging, and the choices that define a life. The book's accessible style and emotional honesty have made it a staple recommendation for readers of all ages.",1865,Popular Edition,English,480,4.7
286,Through the Looking-Glass,Lewis Carroll,9780181194248,Fiction/Stories,Classic Fantasy,Magical,classic fantasy;fiction;novel;leisure-reading;story,"This classic fantasy follows characters whose choices ripple across family, community, and circumstance. Written in the tradition of classic fantasy, ""Through the Looking-Glass"" explores themes of identity, belonging, and the choices that define a life. The result is a story that lingers well beyond its final page, popular among readers who return to it again and again.",1871,Popular Edition,English,359,4.8
287,Peter Pan,J.M. Barrie,9781337075237,Fiction/Stories,Classic Fantasy,Dark,classic fantasy;fiction;novel;leisure-reading;story,"A memorable entry in classic fantasy, the story follows a cast of characters whose fates intertwine in unexpected ways. Written in the tradition of classic fantasy, ""Peter Pan"" explores themes of identity, belonging, and the choices that define a life. It remains a favourite on library shelves across India, cherished for its warmth and honesty.",1911,Reprint Edition,English,614,3.6
288,The Secret Garden,Frances Hodgson Burnett,9781034397489,Fiction/Stories,Children's Classic,Thought-provoking | Fantasy | Romantic,children's classic;fiction;novel;leisure-reading;story;young-readers,"In prose that lingers, Frances Hodgson Burnett follows a central figure caught between duty and desire. Written in the tradition of children's classic, ""The Secret Garden"" explores themes of identity, belonging, and the choices that define a life. The book's accessible style and emotional honesty have made it a staple recommendation for readers of all ages.",1911,Reprint Edition,English,314,3.4
289,Little House on the Prairie,Laura Ingalls Wilder,9781027728245,Fiction/Stories,Children's Classic,Heartwarming,children's classic;fiction;novel;leisure-reading;story;young-readers,"A memorable entry in children's classic, the story follows characters whose choices ripple across family, community, and circumstance. Written in the tradition of children's classic, ""Little House on the Prairie"" explores themes of identity, belonging, and the choices that define a life. Widely read and re-read, it continues to resonate with readers looking for both entertainment and insight.",1935,1st Edition,English,411,3.9
290,Anne of Green Gables,L.M. Montgomery,9781648866265,Fiction/Stories,Coming-of-age,Educational | Relaxing | Mysterious,coming of age;fiction;novel;leisure-reading;story,"Set against a richly drawn backdrop, this coming-of-age follows individuals confronting change in a world that refuses to stay still. Written in the tradition of coming-of-age, ""Anne of Green Gables"" explores themes of identity, belonging, and the choices that define a life. Widely read and re-read, it continues to resonate with readers looking for both entertainment and insight.",1908,Paperback Edition,English,481,4.4
291,Heidi,Johanna Spyri,9780682911214,Fiction/Stories,Children's Classic,Romantic,children's classic;fiction;novel;leisure-reading;story;young-readers,"This children's classic follows a cast of characters whose fates intertwine in unexpected ways. Written in the tradition of children's classic, ""Heidi"" explores themes of identity, belonging, and the choices that define a life. Widely read and re-read, it continues to resonate with readers looking for both entertainment and insight.",1881,Reprint Edition,English,508,4.0
292,Black Beauty,Anna Sewell,9781625981530,Fiction/Stories,Children's Classic,Romantic,children's classic;fiction;novel;leisure-reading;story;young-readers,"In prose that lingers, Anna Sewell follows a cast of characters whose fates intertwine in unexpected ways. Written in the tradition of children's classic, ""Black Beauty"" explores themes of identity, belonging, and the choices that define a life. It remains a favourite on library shelves across India, cherished for its warmth and honesty.",1877,Special Edition,English,448,4.4
293,Treasure Island,Robert Louis Stevenson,9780776494036,Fiction/Stories,Classic Adventure,Adventure | Fantasy | Dark,classic adventure;fiction;novel;leisure-reading;story,"Set against a richly drawn backdrop, this classic adventure follows individuals confronting change in a world that refuses to stay still. Written in the tradition of classic adventure, ""Treasure Island"" explores themes of identity, belonging, and the choices that define a life. Its blend of atmosphere and character work has made it an enduring favourite for library borrowers.",1883,Paperback Edition,English,598,4.0
294,Kidnapped,Robert Louis Stevenson,9789346981020,Fiction/Stories,Classic Adventure,Dark | Magical | Fantasy,classic adventure;fiction;novel;leisure-reading;story,"In prose that lingers, Robert Louis Stevenson follows individuals confronting change in a world that refuses to stay still. Written in the tradition of classic adventure, ""Kidnapped"" explores themes of identity, belonging, and the choices that define a life. The novel balances emotional depth with narrative pace, making it a perennial favourite among Indian readers.",1886,Reprint Edition,English,279,3.7
295,The Strange Case of Dr Jekyll and Mr Hyde,Robert Louis Stevenson,9780348020267,Fiction/Stories,Gothic Fiction,Fantasy,gothic fiction;fiction;novel;leisure-reading;story,"Set against a richly drawn backdrop, this gothic fiction follows a protagonist forced to navigate love, loyalty, and the weight of the past. Written in the tradition of gothic fiction, ""The Strange Case of Dr Jekyll and Mr Hyde"" explores themes of identity, belonging, and the choices that define a life. The novel balances emotional depth with narrative pace, making it a perennial favourite among Indian readers.",1886,Paperback Edition,English,455,3.6
296,Around the World in Eighty Days,Jules Verne,9780406357687,Fiction/Stories,Classic Adventure,Educational | Thought-provoking,classic adventure;fiction;novel;leisure-reading;story,"A memorable entry in classic adventure, the story follows a central figure caught between duty and desire. Written in the tradition of classic adventure, ""Around the World in Eighty Days"" explores themes of identity, belonging, and the choices that define a life. It remains a favourite on library shelves across India, cherished for its warmth and honesty.",1873,Special Edition,English (Indian edition),373,4.7
297,Journey to the Center of the Earth,Jules Verne,9781727944204,Fiction/Stories,Classic Science Fiction,Epic,classic science fiction;fiction;novel;leisure-reading;story,"Set against a richly drawn backdrop, this classic science fiction follows a central figure caught between duty and desire. Written in the tradition of classic science fiction, ""Journey to the Center of the Earth"" explores themes of identity, belonging, and the choices that define a life. Its blend of atmosphere and character work has made it an enduring favourite for library borrowers.",1864,1st Edition,English (Indian edition),391,3.9
298,Twenty Thousand Leagues Under the Sea,Jules Verne,9789314412013,Fiction/Stories,Classic Science Fiction,Inspirational | Suspenseful,classic science fiction;fiction;novel;leisure-reading;story,"Told with a distinct narrative voice, this novel follows a cast of characters whose fates intertwine in unexpected ways. Written in the tradition of classic science fiction, ""Twenty Thousand Leagues Under the Sea"" explores themes of identity, belonging, and the choices that define a life. The novel balances emotional depth with narrative pace, making it a perennial favourite among Indian readers.",1870,Reprint Edition,English (Indian edition),415,4.4
299,The Count of Monte Cristo,Alexandre Dumas,9781221747776,Fiction/Stories,Classic Adventure,Romantic,classic adventure;fiction;novel;leisure-reading;story,"A memorable entry in classic adventure, the story follows a central figure caught between duty and desire. Written in the tradition of classic adventure, ""The Count of Monte Cristo"" explores themes of identity, belonging, and the choices that define a life. The novel balances emotional depth with narrative pace, making it a perennial favourite among Indian readers.",1844,Popular Edition,English (Indian edition),337,3.4
300,The Three Musketeers,Alexandre Dumas,9781368556217,Fiction/Stories,Classic Adventure,Mysterious | Fantasy,classic adventure;fiction;novel;leisure-reading;story,"In prose that lingers, Alexandre Dumas follows a cast of characters whose fates intertwine in unexpected ways. Written in the tradition of classic adventure, ""The Three Musketeers"" explores themes of identity, belonging, and the choices that define a life. The novel balances emotional depth with narrative pace, making it a perennial favourite among Indian readers.",1844,Special Edition,English,492,3.6
301,Les Miserables,Victor Hugo,9781254818818,Fiction/Stories,Classic Literary Fiction,Magical,classic literary fiction;fiction;novel;leisure-reading;story,"Spanning years and relationships, this classic literary fiction traces a protagonist forced to navigate love, loyalty, and the weight of the past. Written in the tradition of classic literary fiction, ""Les Miserables"" explores themes of identity, belonging, and the choices that define a life. It remains a favourite on library shelves across India, cherished for its warmth and honesty.",1862,Special Edition,English,228,4.0
302,The Hunchback of Notre-Dame,Victor Hugo,9789363432383,Fiction/Stories,Classic Literary Fiction,Calm | Hopeful,classic literary fiction;fiction;novel;leisure-reading;story,"In prose that lingers, Victor Hugo follows individuals confronting change in a world that refuses to stay still. Written in the tradition of classic literary fiction, ""The Hunchback of Notre-Dame"" explores themes of identity, belonging, and the choices that define a life. Widely read and re-read, it continues to resonate with readers looking for both entertainment and insight.",1831,Paperback Edition,English,567,4.2
303,A Tale of Two Cities,Charles Dickens,9789389648409,Fiction/Stories,Classic Literary Fiction,Calm | Relaxing | Educational,classic literary fiction;fiction;novel;leisure-reading;story,"In prose that lingers, Charles Dickens follows characters whose choices ripple across family, community, and circumstance. Written in the tradition of classic literary fiction, ""A Tale of Two Cities"" explores themes of identity, belonging, and the choices that define a life. Its blend of atmosphere and character work has made it an enduring favourite for library borrowers.",1859,Special Edition,English,342,4.1
304,Great Expectations,Charles Dickens,9781447745716,Fiction/Stories,Classic Literary Fiction,Historical | Dark,classic literary fiction;fiction;novel;leisure-reading;story,"In prose that lingers, Charles Dickens follows a protagonist forced to navigate love, loyalty, and the weight of the past. Written in the tradition of classic literary fiction, ""Great Expectations"" explores themes of identity, belonging, and the choices that define a life. Its blend of atmosphere and character work has made it an enduring favourite for library borrowers.",1861,Reprint Edition,English,380,4.0
305,Oliver Twist,Charles Dickens,9781215867855,Fiction/Stories,Classic Literary Fiction,Magical | Romantic,classic literary fiction;fiction;novel;leisure-reading;story,"A memorable entry in classic literary fiction, the story follows lives shaped by history, tradition, and the quiet pressure of expectation. Written in the tradition of classic literary fiction, ""Oliver Twist"" explores themes of identity, belonging, and the choices that define a life. Widely read and re-read, it continues to resonate with readers looking for both entertainment and insight.",1838,Reprint Edition,English,373,4.0
306,David Copperfield,Charles Dickens,9789300821836,Fiction/Stories,Classic Literary Fiction,Mysterious | Emotional | Magical,classic literary fiction;fiction;novel;leisure-reading;story,"This classic literary fiction follows a central figure caught between duty and desire. Written in the tradition of classic literary fiction, ""David Copperfield"" explores themes of identity, belonging, and the choices that define a life. Widely read and re-read, it continues to resonate with readers looking for both entertainment and insight.",1850,Special Edition,English,324,4.5
307,A Christmas Carol,Charles Dickens,9781532757938,Fiction/Stories,Classic Novella,Calm | Hopeful,classic novella;fiction;novel;leisure-reading;story,"In prose that lingers, Charles Dickens follows lives shaped by history, tradition, and the quiet pressure of expectation. Written in the tradition of classic novella, ""A Christmas Carol"" explores themes of identity, belonging, and the choices that define a life. The novel balances emotional depth with narrative pace, making it a perennial favourite among Indian readers.",1843,Special Edition,English,369,4.8
308,The Old Curiosity Shop,Charles Dickens,9781528985475,Fiction/Stories,Classic Literary Fiction,Thrilling | Dark,classic literary fiction;fiction;novel;leisure-reading;story,"This classic literary fiction follows a cast of characters whose fates intertwine in unexpected ways. Written in the tradition of classic literary fiction, ""The Old Curiosity Shop"" explores themes of identity, belonging, and the choices that define a life. Its blend of atmosphere and character work has made it an enduring favourite for library borrowers.",1841,Paperback Edition,English,380,4.0
309,Little Dorrit,Charles Dickens,9789372078848,Fiction/Stories,Classic Literary Fiction,Historical,classic literary fiction;fiction;novel;leisure-reading;story,"A memorable entry in classic literary fiction, the story follows individuals confronting change in a world that refuses to stay still. Written in the tradition of classic literary fiction, ""Little Dorrit"" explores themes of identity, belonging, and the choices that define a life. The result is a story that lingers well beyond its final page, popular among readers who return to it again and again.",1857,1st Edition,English,526,4.7
310,Siddhartha,Hermann Hesse,9780845091623,Fiction/Stories,Philosophical Fiction,Hopeful | Epic | Relaxing,philosophical fiction;fiction;novel;leisure-reading;story,"Spanning years and relationships, this philosophical fiction traces a cast of characters whose fates intertwine in unexpected ways. Written in the tradition of philosophical fiction, ""Siddhartha"" explores themes of identity, belonging, and the choices that define a life. It has earned a lasting place among readers who value a story that is both moving and memorable.",1922,1st Edition,English,333,4.6
311,Steppenwolf,Hermann Hesse,9789388823098,Fiction/Stories,Philosophical Fiction,Fantasy,philosophical fiction;fiction;novel;leisure-reading;story,"Told with a distinct narrative voice, this novel follows a cast of characters whose fates intertwine in unexpected ways. Written in the tradition of philosophical fiction, ""Steppenwolf"" explores themes of identity, belonging, and the choices that define a life. Widely read and re-read, it continues to resonate with readers looking for both entertainment and insight.",1927,Paperback Edition,English,612,4.6
312,The Stranger,Albert Camus,9789354267826,Fiction/Stories,Philosophical Fiction,Historical | Dark,philosophical fiction;fiction;novel;leisure-reading;story,"A memorable entry in philosophical fiction, the story follows a cast of characters whose fates intertwine in unexpected ways. Written in the tradition of philosophical fiction, ""The Stranger"" explores themes of identity, belonging, and the choices that define a life. The novel balances emotional depth with narrative pace, making it a perennial favourite among Indian readers.",1942,Popular Edition,English,357,4.7
313,The Plague,Albert Camus,9781456204105,Fiction/Stories,Philosophical Fiction,Thought-provoking | Inspirational,philosophical fiction;fiction;novel;leisure-reading;story,"Set against a richly drawn backdrop, this philosophical fiction follows a central figure caught between duty and desire. Written in the tradition of philosophical fiction, ""The Plague"" explores themes of identity, belonging, and the choices that define a life. It remains a favourite on library shelves across India, cherished for its warmth and honesty.",1947,1st Edition,English,388,4.1
314,Sophie's World,Jostein Gaarder,9780521329163,Fiction/Stories,Philosophical Fiction,Mysterious | Inspirational,philosophical fiction;fiction;novel;leisure-reading;story,"Set against a richly drawn backdrop, this philosophical fiction follows individuals confronting change in a world that refuses to stay still. Written in the tradition of philosophical fiction, ""Sophie's World"" explores themes of identity, belonging, and the choices that define a life. It has earned a lasting place among readers who value a story that is both moving and memorable.",1991,Popular Edition,English,325,4.1
315,The Little Prince,Antoine de Saint-Exupery,9780241389805,Fiction/Stories,Philosophical Fiction,Heartwarming | Suspenseful,philosophical fiction;fiction;novel;leisure-reading;story,"In prose that lingers, Antoine de Saint-Exupery follows a journey that tests conviction as much as courage. Written in the tradition of philosophical fiction, ""The Little Prince"" explores themes of identity, belonging, and the choices that define a life. The novel balances emotional depth with narrative pace, making it a perennial favourite among Indian readers.",1943,Special Edition,English,400,3.4
316,Norwegian Wood,Haruki Murakami,9781123577266,Fiction/Stories,Literary Fiction,Fast-paced | Adventure | Emotional,literary fiction;fiction;novel;leisure-reading;story,"Set against a richly drawn backdrop, this literary fiction follows a central figure caught between duty and desire. Written in the tradition of literary fiction, ""Norwegian Wood"" explores themes of identity, belonging, and the choices that define a life. The result is a story that lingers well beyond its final page, popular among readers who return to it again and again.",1987,Reprint Edition,English,247,4.0
317,Kafka on the Shore,Haruki Murakami,9789334203547,Fiction/Stories,Magical Realism,Epic | Historical,magical realism;fiction;novel;leisure-reading;story,"Spanning years and relationships, this magical realism traces individuals confronting change in a world that refuses to stay still. Written in the tradition of magical realism, ""Kafka on the Shore"" explores themes of identity, belonging, and the choices that define a life. The novel balances emotional depth with narrative pace, making it a perennial favourite among Indian readers.",2002,Special Edition,English,299,4.4
318,1Q84,Haruki Murakami,9781371870652,Fiction/Stories,Magical Realism,Hopeful | Thought-provoking | Historical,magical realism;fiction;novel;leisure-reading;story,"Set against a richly drawn backdrop, this magical realism follows a protagonist forced to navigate love, loyalty, and the weight of the past. Written in the tradition of magical realism, ""1Q84"" explores themes of identity, belonging, and the choices that define a life. The book's accessible style and emotional honesty have made it a staple recommendation for readers of all ages.",2009,1st Edition,English,406,4.5
319,The Wind-Up Bird Chronicle,Haruki Murakami,9780728182356,Fiction/Stories,Magical Realism,Relaxing,magical realism;fiction;novel;leisure-reading;story,"Set against a richly drawn backdrop, this magical realism follows a journey that tests conviction as much as courage. Written in the tradition of magical realism, ""The Wind-Up Bird Chronicle"" explores themes of identity, belonging, and the choices that define a life. Widely read and re-read, it continues to resonate with readers looking for both entertainment and insight.",1994,Reprint Edition,English,444,4.0
320,Norwegian Fables and Folk Tales,Peter Christen Asbjornsen,9780935731743,Fiction/Stories,Folklore,Thrilling | Historical | Inspirational,folklore;fiction;novel;leisure-reading;story;young-readers,"A memorable entry in folklore, the story follows characters whose choices ripple across family, community, and circumstance. Written in the tradition of folklore, ""Norwegian Fables and Folk Tales"" explores themes of identity, belonging, and the choices that define a life. The novel balances emotional depth with narrative pace, making it a perennial favourite among Indian readers.",1845,Reprint Edition,English,405,3.5
321,Panchatantra,Vishnu Sharma,9789329366318,Fiction/Stories,Fables,Historical | Fast-paced,fables;fiction;novel;leisure-reading;story;young-readers,"Told with a distinct narrative voice, this novel follows a journey that tests conviction as much as courage. Written in the tradition of fables, ""Panchatantra"" explores themes of identity, belonging, and the choices that define a life. The book's accessible style and emotional honesty have made it a staple recommendation for readers of all ages.",300,Popular Edition,English,228,3.5
322,Jataka Tales,Various,9789307566976,Fiction/Stories,Fables,Mysterious | Magical,fables;fiction;novel;leisure-reading;story;young-readers,"Set against a richly drawn backdrop, this fables follows lives shaped by history, tradition, and the quiet pressure of expectation. Written in the tradition of fables, ""Jataka Tales"" explores themes of identity, belonging, and the choices that define a life. The book's accessible style and emotional honesty have made it a staple recommendation for readers of all ages.",400,Special Edition,English,598,4.6
323,Hitopadesha,Narayana Pandit,9789334445091,Fiction/Stories,Fables,Adventure,fables;fiction;novel;leisure-reading;story;young-readers,"Set against a richly drawn backdrop, this fables follows a journey that tests conviction as much as courage. Written in the tradition of fables, ""Hitopadesha"" explores themes of identity, belonging, and the choices that define a life. Widely read and re-read, it continues to resonate with readers looking for both entertainment and insight.",1373,Popular Edition,English,309,3.6
324,Grimm's Fairy Tales,Brothers Grimm,9780114028251,Fiction/Stories,Fairy Tales,Educational,fairy tales;fiction;novel;leisure-reading;story;young-readers,"This fairy tales follows characters whose choices ripple across family, community, and circumstance. Written in the tradition of fairy tales, ""Grimm's Fairy Tales"" explores themes of identity, belonging, and the choices that define a life. The result is a story that lingers well beyond its final page, popular among readers who return to it again and again.",1812,Special Edition,English,477,4.0
325,Hans Christian Andersen's Fairy Tales,Hans Christian Andersen,9789312359051,Fiction/Stories,Fairy Tales,Inspirational | Fast-paced,fairy tales;fiction;novel;leisure-reading;story;young-readers,"Told with a distinct narrative voice, this novel follows individuals confronting change in a world that refuses to stay still. Written in the tradition of fairy tales, ""Hans Christian Andersen's Fairy Tales"" explores themes of identity, belonging, and the choices that define a life. The book's accessible style and emotional honesty have made it a staple recommendation for readers of all ages.",1837,Paperback Edition,English,609,3.4
326,Arabian Nights (One Thousand and One Nights),Various,9781706841784,Fiction/Stories,Folklore,Thought-provoking | Inspirational,folklore;fiction;novel;leisure-reading;story;young-readers,"Told with a distinct narrative voice, this novel follows a cast of characters whose fates intertwine in unexpected ways. Written in the tradition of folklore, ""Arabian Nights (One Thousand and One Nights)"" explores themes of identity, belonging, and the choices that define a life. The book's accessible style and emotional honesty have made it a staple recommendation for readers of all ages.",900,Reprint Edition,English,406,4.8
327,Aesop's Fables,Aesop,9781160140928,Fiction/Stories,Fables,Relaxing | Calm | Mysterious,fables;fiction;novel;leisure-reading;story;young-readers,"Spanning years and relationships, this fables traces lives shaped by history, tradition, and the quiet pressure of expectation. Written in the tradition of fables, ""Aesop's Fables"" explores themes of identity, belonging, and the choices that define a life. The novel balances emotional depth with narrative pace, making it a perennial favourite among Indian readers.",560,Reprint Edition,English,573,4.5
328,The Shining,Stephen King,9789338887361,Fiction/Stories,Horror,Relaxing | Inspirational,horror;fiction;novel;leisure-reading;story;suspense,"Set against a richly drawn backdrop, this horror follows a central figure caught between duty and desire. Written in the tradition of horror, ""The Shining"" explores themes of identity, belonging, and the choices that define a life. The result is a story that lingers well beyond its final page, popular among readers who return to it again and again.",1977,Reprint Edition,English,559,4.5
329,It,Stephen King,9781461649274,Fiction/Stories,Horror,Calm | Emotional,horror;fiction;novel;leisure-reading;story;suspense,"Told with a distinct narrative voice, this novel follows a central figure caught between duty and desire. Written in the tradition of horror, ""It"" explores themes of identity, belonging, and the choices that define a life. Widely read and re-read, it continues to resonate with readers looking for both entertainment and insight.",1986,Paperback Edition,English,282,3.7
330,Carrie,Stephen King,9781010173915,Fiction/Stories,Horror,Dark,horror;fiction;novel;leisure-reading;story;suspense,"Told with a distinct narrative voice, this novel follows lives shaped by history, tradition, and the quiet pressure of expectation. Written in the tradition of horror, ""Carrie"" explores themes of identity, belonging, and the choices that define a life. The novel balances emotional depth with narrative pace, making it a perennial favourite among Indian readers.",1974,Paperback Edition,English,617,4.5
331,Misery,Stephen King,9781212328342,Fiction/Stories,Horror/Thriller,Emotional | Educational,horror thriller;fiction;novel;leisure-reading;story;suspense,"A memorable entry in horror/thriller, the story follows a cast of characters whose fates intertwine in unexpected ways. Written in the tradition of horror/thriller, ""Misery"" explores themes of identity, belonging, and the choices that define a life. Widely read and re-read, it continues to resonate with readers looking for both entertainment and insight.",1987,Popular Edition,English,380,4.6
332,The Silent Patient,Alex Michaelides,9789353816643,Fiction/Stories,Psychological Thriller,Fast-paced | Fantasy | Relaxing,psychological thriller;fiction;novel;leisure-reading;story;suspense,"Spanning years and relationships, this psychological thriller traces a central figure caught between duty and desire. Written in the tradition of psychological thriller, ""The Silent Patient"" explores themes of identity, belonging, and the choices that define a life. The result is a story that lingers well beyond its final page, popular among readers who return to it again and again.",2019,Popular Edition,English,498,3.4
333,Big Little Lies,Liane Moriarty,9780003082777,Fiction/Stories,Contemporary Fiction,Adventure,contemporary fiction;fiction;novel;leisure-reading;story,"Spanning years and relationships, this contemporary fiction traces lives shaped by history, tradition, and the quiet pressure of expectation. Written in the tradition of contemporary fiction, ""Big Little Lies"" explores themes of identity, belonging, and the choices that define a life. It remains a favourite on library shelves across India, cherished for its warmth and honesty.",2014,1st Edition,English,361,4.2
334,Where the Crawdads Sing,Delia Owens,9781388041106,Fiction/Stories,Literary Fiction/Mystery,Relaxing | Hopeful,literary fiction mystery;fiction;novel;leisure-reading;story;suspense,"Spanning years and relationships, this literary fiction/mystery traces a central figure caught between duty and desire. Written in the tradition of literary fiction/mystery, ""Where the Crawdads Sing"" explores themes of identity, belonging, and the choices that define a life. Widely read and re-read, it continues to resonate with readers looking for both entertainment and insight.",2018,Reprint Edition,English,278,4.1
335,Circe,Madeline Miller,9789330363092,Fiction/Stories,Mythological Fiction,Mysterious | Fantasy | Thrilling,mythological fiction;fiction;novel;leisure-reading;story;indian-mythology,"This mythological fiction follows a journey that tests conviction as much as courage. Written in the tradition of mythological fiction, ""Circe"" explores themes of identity, belonging, and the choices that define a life. It has earned a lasting place among readers who value a story that is both moving and memorable.",2018,Paperback Edition,English,531,4.8
336,The Song of Achilles,Madeline Miller,9781684724253,Fiction/Stories,Mythological Fiction,Mysterious | Adventure,mythological fiction;fiction;novel;leisure-reading;story;indian-mythology,"A memorable entry in mythological fiction, the story follows a cast of characters whose fates intertwine in unexpected ways. Written in the tradition of mythological fiction, ""The Song of Achilles"" explores themes of identity, belonging, and the choices that define a life. The novel balances emotional depth with narrative pace, making it a perennial favourite among Indian readers.",2011,Reprint Edition,English,499,3.6
337,Klara and the Sun,Kazuo Ishiguro,9780321386007,Fiction/Stories,Literary Science Fiction,Educational,literary science fiction;fiction;novel;leisure-reading;story,"This literary science fiction follows individuals confronting change in a world that refuses to stay still. Written in the tradition of literary science fiction, ""Klara and the Sun"" explores themes of identity, belonging, and the choices that define a life. It has earned a lasting place among readers who value a story that is both moving and memorable.",2021,Reprint Edition,English,449,4.6
338,Never Let Me Go,Kazuo Ishiguro,9789361845765,Fiction/Stories,Literary Science Fiction,Fast-paced,literary science fiction;fiction;novel;leisure-reading;story,"Told with a distinct narrative voice, this novel follows a journey that tests conviction as much as courage. Written in the tradition of literary science fiction, ""Never Let Me Go"" explores themes of identity, belonging, and the choices that define a life. It remains a favourite on library shelves across India, cherished for its warmth and honesty.",2005,Special Edition,English,478,4.2
339,The Remains of the Day,Kazuo Ishiguro,9780367116149,Fiction/Stories,Literary Fiction,Funny | Magical | Educational,literary fiction;fiction;novel;leisure-reading;story,"Set against a richly drawn backdrop, this literary fiction follows a central figure caught between duty and desire. Written in the tradition of literary fiction, ""The Remains of the Day"" explores themes of identity, belonging, and the choices that define a life. It has earned a lasting place among readers who value a story that is both moving and memorable.",1989,1st Edition,English,170,3.4
340,Atonement,Ian McEwan,9780333594414,Fiction/Stories,Literary Fiction,Heartwarming | Fantasy | Dark,literary fiction;fiction;novel;leisure-reading;story,"A memorable entry in literary fiction, the story follows a journey that tests conviction as much as courage. Written in the tradition of literary fiction, ""Atonement"" explores themes of identity, belonging, and the choices that define a life. The novel balances emotional depth with narrative pace, making it a perennial favourite among Indian readers.",2001,Paperback Edition,English,440,3.9
341,The Handmaid's Tale,Margaret Atwood,9780638918458,Fiction/Stories,Dystopian Fiction,Thrilling,dystopian fiction;fiction;novel;leisure-reading;story,"In prose that lingers, Margaret Atwood follows characters whose choices ripple across family, community, and circumstance. Written in the tradition of dystopian fiction, ""The Handmaid's Tale"" explores themes of identity, belonging, and the choices that define a life. The novel balances emotional depth with narrative pace, making it a perennial favourite among Indian readers.",1985,Reprint Edition,English,485,3.6
342,Educated,Tara Westover,9789326211352,Fiction/Stories,Memoir,Heartwarming,memoir;fiction;novel;leisure-reading;story,"Spanning years and relationships, this memoir traces a journey that tests conviction as much as courage. Written in the tradition of memoir, ""Educated"" explores themes of identity, belonging, and the choices that define a life. The result is a story that lingers well beyond its final page, popular among readers who return to it again and again.",2018,1st Edition,English,563,4.2
343,Shantaram,Gregory David Roberts,9789333360814,Fiction/Stories,Adventure Fiction,Historical | Thought-provoking | Calm,adventure fiction;fiction;novel;leisure-reading;story,"Told with a distinct narrative voice, this novel follows lives shaped by history, tradition, and the quiet pressure of expectation. Written in the tradition of adventure fiction, ""Shantaram"" explores themes of identity, belonging, and the choices that define a life. The book's accessible style and emotional honesty have made it a staple recommendation for readers of all ages.",2003,Special Edition,English,322,3.6
344,The Curious Incident of the Dog in the Night-Time,Mark Haddon,9789337370390,Fiction/Stories,Contemporary Fiction,Fast-paced | Emotional | Thrilling,contemporary fiction;fiction;novel;leisure-reading;story,"In prose that lingers, Mark Haddon follows a cast of characters whose fates intertwine in unexpected ways. Written in the tradition of contemporary fiction, ""The Curious Incident of the Dog in the Night-Time"" explores themes of identity, belonging, and the choices that define a life. Widely read and re-read, it continues to resonate with readers looking for both entertainment and insight.",2003,Paperback Edition,English,163,3.6
345,One Flew Over the Cuckoo's Nest,Ken Kesey,9789351084952,Fiction/Stories,Literary Fiction,Fast-paced | Mysterious,literary fiction;fiction;novel;leisure-reading;story,"A memorable entry in literary fiction, the story follows lives shaped by history, tradition, and the quiet pressure of expectation. Written in the tradition of literary fiction, ""One Flew Over the Cuckoo's Nest"" explores themes of identity, belonging, and the choices that define a life. It remains a favourite on library shelves across India, cherished for its warmth and honesty.",1962,Reprint Edition,English,592,4.5
346,The Bell Jar,Sylvia Plath,9781805118671,Fiction/Stories,Literary Fiction,Calm,literary fiction;fiction;novel;leisure-reading;story,"Set against a richly drawn backdrop, this literary fiction follows lives shaped by history, tradition, and the quiet pressure of expectation. Written in the tradition of literary fiction, ""The Bell Jar"" explores themes of identity, belonging, and the choices that define a life. Its blend of atmosphere and character work has made it an enduring favourite for library borrowers.",1963,Reprint Edition,English,293,4.7
347,Cutting for Stone,Abraham Verghese,9781312788015,Fiction/Stories,Literary Fiction,Romantic | Fast-paced | Calm,literary fiction;fiction;novel;leisure-reading;story,"Told with a distinct narrative voice, this novel follows a protagonist forced to navigate love, loyalty, and the weight of the past. Written in the tradition of literary fiction, ""Cutting for Stone"" explores themes of identity, belonging, and the choices that define a life. The result is a story that lingers well beyond its final page, popular among readers who return to it again and again.",2009,Paperback Edition,English,370,3.6
348,The Guernsey Literary and Potato Peel Pie Society,Mary Ann Shaffer,9781128058302,Fiction/Stories,Historical Fiction,Funny | Historical | Suspenseful,historical fiction;fiction;novel;leisure-reading;story;history,"Spanning years and relationships, this historical fiction traces a cast of characters whose fates intertwine in unexpected ways. Written in the tradition of historical fiction, ""The Guernsey Literary and Potato Peel Pie Society"" explores themes of identity, belonging, and the choices that define a life. Its blend of atmosphere and character work has made it an enduring favourite for library borrowers.",2008,Popular Edition,English,606,4.0
349,The Notebook,Nicholas Sparks,9780000586315,Fiction/Stories,Romance,Fast-paced,romance;fiction;novel;leisure-reading;story,"A memorable entry in romance, the story follows individuals confronting change in a world that refuses to stay still. Written in the tradition of romance, ""The Notebook"" explores themes of identity, belonging, and the choices that define a life. The result is a story that lingers well beyond its final page, popular among readers who return to it again and again.",1996,Reprint Edition,English,243,4.1
350,A Walk to Remember,Nicholas Sparks,9789368999973,Fiction/Stories,Romance,Adventure | Educational | Fast-paced,romance;fiction;novel;leisure-reading;story,"A memorable entry in romance, the story follows characters whose choices ripple across family, community, and circumstance. Written in the tradition of romance, ""A Walk to Remember"" explores themes of identity, belonging, and the choices that define a life. Widely read and re-read, it continues to resonate with readers looking for both entertainment and insight.",1999,Popular Edition,English,439,4.2
351,Dear John,Nicholas Sparks,9789321147618,Fiction/Stories,Romance,Romantic | Heartwarming | Thought-provoking,romance;fiction;novel;leisure-reading;story,"A memorable entry in romance, the story follows characters whose choices ripple across family, community, and circumstance. Written in the tradition of romance, ""Dear John"" explores themes of identity, belonging, and the choices that define a life. The book's accessible style and emotional honesty have made it a staple recommendation for readers of all ages.",2006,Reprint Edition,English,338,4.8
352,Me Before You,Jojo Moyes,9781925886092,Fiction/Stories,Contemporary Fiction,Romantic,contemporary fiction;fiction;novel;leisure-reading;story,"In prose that lingers, Jojo Moyes follows a central figure caught between duty and desire. Written in the tradition of contemporary fiction, ""Me Before You"" explores themes of identity, belonging, and the choices that define a life. It has earned a lasting place among readers who value a story that is both moving and memorable.",2012,Reprint Edition,English,223,3.7
353,The Giver,Lois Lowry,9789347754692,Fiction/Stories,Dystopian Fiction/YA,Thought-provoking | Heartwarming,dystopian fiction ya;fiction;novel;leisure-reading;story;young-readers,"In prose that lingers, Lois Lowry follows a protagonist forced to navigate love, loyalty, and the weight of the past. Written in the tradition of dystopian fiction/ya, ""The Giver"" explores themes of identity, belonging, and the choices that define a life. Widely read and re-read, it continues to resonate with readers looking for both entertainment and insight.",1993,Popular Edition,English,418,3.5
354,Divergent,Veronica Roth,9789384540401,Fiction/Stories,Dystopian Fiction/YA,Educational | Epic | Thrilling,dystopian fiction ya;fiction;novel;leisure-reading;story;young-readers,"This dystopian fiction/ya follows lives shaped by history, tradition, and the quiet pressure of expectation. Written in the tradition of dystopian fiction/ya, ""Divergent"" explores themes of identity, belonging, and the choices that define a life. Widely read and re-read, it continues to resonate with readers looking for both entertainment and insight.",2011,Paperback Edition,English,361,3.3
355,The Hunger Games,Suzanne Collins,9780810687707,Fiction/Stories,Dystopian Fiction/YA,Romantic,dystopian fiction ya;fiction;novel;leisure-reading;story;young-readers,"This dystopian fiction/ya follows a cast of characters whose fates intertwine in unexpected ways. Written in the tradition of dystopian fiction/ya, ""The Hunger Games"" explores themes of identity, belonging, and the choices that define a life. It has earned a lasting place among readers who value a story that is both moving and memorable.",2008,Paperback Edition,English,433,4.0
356,Catching Fire,Suzanne Collins,9789393930859,Fiction/Stories,Dystopian Fiction/YA,Calm | Romantic,dystopian fiction ya;fiction;novel;leisure-reading;story;young-readers,"In prose that lingers, Suzanne Collins follows individuals confronting change in a world that refuses to stay still. Written in the tradition of dystopian fiction/ya, ""Catching Fire"" explores themes of identity, belonging, and the choices that define a life. It has earned a lasting place among readers who value a story that is both moving and memorable.",2009,Reprint Edition,English,199,3.9
357,Mockingjay,Suzanne Collins,9780495956150,Fiction/Stories,Dystopian Fiction/YA,Thrilling | Suspenseful,dystopian fiction ya;fiction;novel;leisure-reading;story;young-readers,"Spanning years and relationships, this dystopian fiction/ya traces lives shaped by history, tradition, and the quiet pressure of expectation. Written in the tradition of dystopian fiction/ya, ""Mockingjay"" explores themes of identity, belonging, and the choices that define a life. The result is a story that lingers well beyond its final page, popular among readers who return to it again and again.",2010,Reprint Edition,English,620,4.0
358,Twilight,Stephenie Meyer,9789322791209,Fiction/Stories,Fantasy Romance/YA,Dark | Fantasy,fantasy romance ya;fiction;novel;leisure-reading;story;romance;young-readers,"A memorable entry in fantasy romance/ya, the story follows a cast of characters whose fates intertwine in unexpected ways. Written in the tradition of fantasy romance/ya, ""Twilight"" explores themes of identity, belonging, and the choices that define a life. It remains a favourite on library shelves across India, cherished for its warmth and honesty.",2005,Popular Edition,English,343,4.4
359,New Moon,Stephenie Meyer,9780130250865,Fiction/Stories,Fantasy Romance/YA,Fast-paced | Romantic | Suspenseful,fantasy romance ya;fiction;novel;leisure-reading;story;romance;young-readers,"Spanning years and relationships, this fantasy romance/ya traces a journey that tests conviction as much as courage. Written in the tradition of fantasy romance/ya, ""New Moon"" explores themes of identity, belonging, and the choices that define a life. It has earned a lasting place among readers who value a story that is both moving and memorable.",2006,1st Edition,English,279,4.5
360,Paper Towns,John Green,9780962144424,Fiction/Stories,Young Adult Fiction,Thrilling,young adult fiction;fiction;novel;leisure-reading;story;young-readers,"Spanning years and relationships, this young adult fiction traces lives shaped by history, tradition, and the quiet pressure of expectation. Written in the tradition of young adult fiction, ""Paper Towns"" explores themes of identity, belonging, and the choices that define a life. The book's accessible style and emotional honesty have made it a staple recommendation for readers of all ages.",2008,1st Edition,English,159,4.7
361,Malgudi Schooldays,R.K. Narayan,9780087380936,Fiction/Stories,Short Stories,Dark | Hopeful,short stories;fiction;novel;leisure-reading;story,"This short stories follows lives shaped by history, tradition, and the quiet pressure of expectation. Written in the tradition of short stories, ""Malgudi Schooldays"" explores themes of identity, belonging, and the choices that define a life. The book's accessible style and emotional honesty have made it a staple recommendation for readers of all ages.",1951,1st Edition,English,489,4.3
362,The Vendor of Sweets,R.K. Narayan,9781777705602,Fiction/Stories,Literary Fiction,Hopeful | Relaxing | Romantic,literary fiction;fiction;novel;leisure-reading;story,"Set against a richly drawn backdrop, this literary fiction follows individuals confronting change in a world that refuses to stay still. Written in the tradition of literary fiction, ""The Vendor of Sweets"" explores themes of identity, belonging, and the choices that define a life. It remains a favourite on library shelves across India, cherished for its warmth and honesty.",1967,Paperback Edition,English,563,3.6
363,The Man-Eater of Malgudi,R.K. Narayan,9789353529604,Fiction/Stories,Satire,Adventure | Hopeful,satire;fiction;novel;leisure-reading;story,"A memorable entry in satire, the story follows a central figure caught between duty and desire. Written in the tradition of satire, ""The Man-Eater of Malgudi"" explores themes of identity, belonging, and the choices that define a life. The book's accessible style and emotional honesty have made it a staple recommendation for readers of all ages.",1961,Popular Edition,English,149,3.5
364,The Financial Expert,R.K. Narayan,9789338354283,Fiction/Stories,Satire,Fantasy | Suspenseful,satire;fiction;novel;leisure-reading;story,"Set against a richly drawn backdrop, this satire follows lives shaped by history, tradition, and the quiet pressure of expectation. Written in the tradition of satire, ""The Financial Expert"" explores themes of identity, belonging, and the choices that define a life. Its blend of atmosphere and character work has made it an enduring favourite for library borrowers.",1952,Popular Edition,English,261,4.3
365,The Bachelor of Arts,R.K. Narayan,9789370159693,Fiction/Stories,Coming-of-age,Hopeful | Suspenseful,coming of age;fiction;novel;leisure-reading;story,"In prose that lingers, R.K. Narayan follows lives shaped by history, tradition, and the quiet pressure of expectation. Written in the tradition of coming-of-age, ""The Bachelor of Arts"" explores themes of identity, belonging, and the choices that define a life. The book's accessible style and emotional honesty have made it a staple recommendation for readers of all ages.",1937,Popular Edition,English,283,4.0
366,The Dark Room,R.K. Narayan,9780375457647,Fiction/Stories,Literary Fiction,Thought-provoking,literary fiction;fiction;novel;leisure-reading;story,"Told with a distinct narrative voice, this novel follows a central figure caught between duty and desire. Written in the tradition of literary fiction, ""The Dark Room"" explores themes of identity, belonging, and the choices that define a life. The result is a story that lingers well beyond its final page, popular among readers who return to it again and again.",1938,Popular Edition,English,217,3.3
367,A Tiger for Malgudi,R.K. Narayan,9780560182132,Fiction/Stories,Fable,Thrilling | Epic,fable;fiction;novel;leisure-reading;story;young-readers,"A memorable entry in fable, the story follows a central figure caught between duty and desire. Written in the tradition of fable, ""A Tiger for Malgudi"" explores themes of identity, belonging, and the choices that define a life. It remains a favourite on library shelves across India, cherished for its warmth and honesty.",1983,Popular Edition,English,301,3.9
368,Waiting for the Mahatma,R.K. Narayan,9780777844397,Fiction/Stories,Historical Fiction,Fantasy | Relaxing,historical fiction;fiction;novel;leisure-reading;story;history,"Spanning years and relationships, this historical fiction traces lives shaped by history, tradition, and the quiet pressure of expectation. Written in the tradition of historical fiction, ""Waiting for the Mahatma"" explores themes of identity, belonging, and the choices that define a life. The novel balances emotional depth with narrative pace, making it a perennial favourite among Indian readers.",1955,Popular Edition,English,426,4.7
369,Karma and Other Stories,Khushwant Singh,9789389004779,Fiction/Stories,Short Stories,Heartwarming,short stories;fiction;novel;leisure-reading;story,"This short stories follows a cast of characters whose fates intertwine in unexpected ways. Written in the tradition of short stories, ""Karma and Other Stories"" explores themes of identity, belonging, and the choices that define a life. The book's accessible style and emotional honesty have made it a staple recommendation for readers of all ages.",1950,Popular Edition,English,122,3.8
370,The Company of Women,Khushwant Singh,9780351099663,Fiction/Stories,Literary Fiction,Thought-provoking | Heartwarming | Fast-paced,literary fiction;fiction;novel;leisure-reading;story,"This literary fiction follows a journey that tests conviction as much as courage. Written in the tradition of literary fiction, ""The Company of Women"" explores themes of identity, belonging, and the choices that define a life. It remains a favourite on library shelves across India, cherished for its warmth and honesty.",1999,Special Edition,English,417,3.7
371,"Truth, Love and a Little Malice",Khushwant Singh,9780433100621,Fiction/Stories,Memoir,Romantic,memoir;fiction;novel;leisure-reading;story,"This memoir follows characters whose choices ripple across family, community, and circumstance. Written in the tradition of memoir, ""Truth, Love and a Little Malice"" explores themes of identity, belonging, and the choices that define a life. The book's accessible style and emotional honesty have made it a staple recommendation for readers of all ages.",2002,Reprint Edition,English,145,3.9
372,The Sunset Club,Khushwant Singh,9789301647794,Fiction/Stories,Literary Fiction,Inspirational | Hopeful,literary fiction;fiction;novel;leisure-reading;story,"In prose that lingers, Khushwant Singh follows characters whose choices ripple across family, community, and circumstance. Written in the tradition of literary fiction, ""The Sunset Club"" explores themes of identity, belonging, and the choices that define a life. Widely read and re-read, it continues to resonate with readers looking for both entertainment and insight.",2010,Paperback Edition,English,225,4.9
373,The End of India,Khushwant Singh,9780176614119,Fiction/Stories,Nonfiction Narrative,Emotional | Funny,nonfiction narrative;fiction;novel;leisure-reading;story,"A memorable entry in nonfiction narrative, the story follows a cast of characters whose fates intertwine in unexpected ways. Written in the tradition of nonfiction narrative, ""The End of India"" explores themes of identity, belonging, and the choices that define a life. The book's accessible style and emotional honesty have made it a staple recommendation for readers of all ages.",2003,Special Edition,English,606,3.7
374,Delhi Belly and Other Stories,Various Indian Authors,9780710091758,Fiction/Stories,Short Stories,Calm | Thrilling | Educational,short stories;fiction;novel;leisure-reading;story,"This short stories follows lives shaped by history, tradition, and the quiet pressure of expectation. Written in the tradition of short stories, ""Delhi Belly and Other Stories"" explores themes of identity, belonging, and the choices that define a life. The novel balances emotional depth with narrative pace, making it a perennial favourite among Indian readers.",2015,Paperback Edition,English,522,3.8
375,Aunty Time,Twinkle Khanna,9781493066292,Fiction/Stories,Short Stories,Thought-provoking,short stories;fiction;novel;leisure-reading;story,"Told with a distinct narrative voice, this novel follows a protagonist forced to navigate love, loyalty, and the weight of the past. Written in the tradition of short stories, ""Aunty Time"" explores themes of identity, belonging, and the choices that define a life. It remains a favourite on library shelves across India, cherished for its warmth and honesty.",2018,Special Edition,English,266,3.6
376,Mrs Funnybones,Twinkle Khanna,9789349379961,Fiction/Stories,Humor,Heartwarming,humor;fiction;novel;leisure-reading;story,"In prose that lingers, Twinkle Khanna follows individuals confronting change in a world that refuses to stay still. Written in the tradition of humor, ""Mrs Funnybones"" explores themes of identity, belonging, and the choices that define a life. Its blend of atmosphere and character work has made it an enduring favourite for library borrowers.",2015,1st Edition,English,488,3.9
377,The Legend of Lakshmi Prasad,Twinkle Khanna,9789321734443,Fiction/Stories,Short Stories,Thought-provoking,short stories;fiction;novel;leisure-reading;story,"Set against a richly drawn backdrop, this short stories follows characters whose choices ripple across family, community, and circumstance. Written in the tradition of short stories, ""The Legend of Lakshmi Prasad"" explores themes of identity, belonging, and the choices that define a life. The result is a story that lingers well beyond its final page, popular among readers who return to it again and again.",2016,Reprint Edition,English,357,3.8
378,Pyjamas Are Forgiving,Twinkle Khanna,9780793605835,Fiction/Stories,Contemporary Fiction,Inspirational,contemporary fiction;fiction;novel;leisure-reading;story,"A memorable entry in contemporary fiction, the story follows a journey that tests conviction as much as courage. Written in the tradition of contemporary fiction, ""Pyjamas Are Forgiving"" explores themes of identity, belonging, and the choices that define a life. It has earned a lasting place among readers who value a story that is both moving and memorable.",2018,Popular Edition,English,463,3.6
379,The Test of My Life,Yuvraj Singh,9781089835547,Fiction/Stories,Memoir,Epic,memoir;fiction;novel;leisure-reading;story,"Told with a distinct narrative voice, this novel follows a protagonist forced to navigate love, loyalty, and the weight of the past. Written in the tradition of memoir, ""The Test of My Life"" explores themes of identity, belonging, and the choices that define a life. It remains a favourite on library shelves across India, cherished for its warmth and honesty.",2013,Popular Edition,English,339,4.8
380,Making of the Mahatma,Various,9781783638451,Fiction/Stories,Historical Fiction,Adventure,historical fiction;fiction;novel;leisure-reading;story;history,"Told with a distinct narrative voice, this novel follows characters whose choices ripple across family, community, and circumstance. Written in the tradition of historical fiction, ""Making of the Mahatma"" explores themes of identity, belonging, and the choices that define a life. Widely read and re-read, it continues to resonate with readers looking for both entertainment and insight.",1996,Reprint Edition,English,507,3.6
381,A Bad Character,Deepti Kapoor,9780409506693,Fiction/Stories,Literary Fiction,Suspenseful,literary fiction;fiction;novel;leisure-reading;story,"Spanning years and relationships, this literary fiction traces a cast of characters whose fates intertwine in unexpected ways. Written in the tradition of literary fiction, ""A Bad Character"" explores themes of identity, belonging, and the choices that define a life. It remains a favourite on library shelves across India, cherished for its warmth and honesty.",2014,Special Edition,English,172,4.9
382,Age of Vice,Deepti Kapoor,9781017861693,Fiction/Stories,Crime Fiction,Thought-provoking,crime fiction;fiction;novel;leisure-reading;story;suspense,"Spanning years and relationships, this crime fiction traces characters whose choices ripple across family, community, and circumstance. Written in the tradition of crime fiction, ""Age of Vice"" explores themes of identity, belonging, and the choices that define a life. It has earned a lasting place among readers who value a story that is both moving and memorable.",2023,1st Edition,English,127,3.8
383,Faking It,Amrita Chowdhury,9780044842330,Fiction/Stories,Contemporary Fiction,Adventure | Inspirational | Fantasy,contemporary fiction;fiction;novel;leisure-reading;story,"In prose that lingers, Amrita Chowdhury follows a cast of characters whose fates intertwine in unexpected ways. Written in the tradition of contemporary fiction, ""Faking It"" explores themes of identity, belonging, and the choices that define a life. Widely read and re-read, it continues to resonate with readers looking for both entertainment and insight.",2018,1st Edition,English,547,4.5
384,The Rose That Grew from Concrete,Various,9781192765656,Fiction/Stories,Poetry,Calm | Romantic,poetry;fiction;novel;leisure-reading;story,"Spanning years and relationships, this poetry traces a protagonist forced to navigate love, loyalty, and the weight of the past. Written in the tradition of poetry, ""The Rose That Grew from Concrete"" explores themes of identity, belonging, and the choices that define a life. It remains a favourite on library shelves across India, cherished for its warmth and honesty.",1999,1st Edition,English,259,4.9
385,Milk and Honey,Rupi Kaur,9780894687587,Fiction/Stories,Poetry,Thrilling | Relaxing | Educational,poetry;fiction;novel;leisure-reading;story,"This poetry follows individuals confronting change in a world that refuses to stay still. Written in the tradition of poetry, ""Milk and Honey"" explores themes of identity, belonging, and the choices that define a life. The book's accessible style and emotional honesty have made it a staple recommendation for readers of all ages.",2014,Paperback Edition,English,450,4.1
386,The Sun and Her Flowers,Rupi Kaur,9789327135169,Fiction/Stories,Poetry,Magical | Fast-paced,poetry;fiction;novel;leisure-reading;story,"A memorable entry in poetry, the story follows characters whose choices ripple across family, community, and circumstance. Written in the tradition of poetry, ""The Sun and Her Flowers"" explores themes of identity, belonging, and the choices that define a life. It has earned a lasting place among readers who value a story that is both moving and memorable.",2017,Paperback Edition,English,544,3.7
387,Home Body,Rupi Kaur,9789374340363,Fiction/Stories,Poetry,Mysterious | Educational | Romantic,poetry;fiction;novel;leisure-reading;story,"In prose that lingers, Rupi Kaur follows a journey that tests conviction as much as courage. Written in the tradition of poetry, ""Home Body"" explores themes of identity, belonging, and the choices that define a life. The book's accessible style and emotional honesty have made it a staple recommendation for readers of all ages.",2020,Paperback Edition,English,413,3.8
388,Yeh Un Dinon Ki Baat Hai,Various,9780840942272,Fiction/Stories,Coming-of-age,Suspenseful | Thrilling,coming of age;fiction;novel;leisure-reading;story,"Set against a richly drawn backdrop, this coming-of-age follows a protagonist forced to navigate love, loyalty, and the weight of the past. Written in the tradition of coming-of-age, ""Yeh Un Dinon Ki Baat Hai"" explores themes of identity, belonging, and the choices that define a life. Its blend of atmosphere and character work has made it an enduring favourite for library borrowers.",2017,Special Edition,English,167,3.8
389,Bombay Duck Is a Fish,Shabnam Minwalla,9781295995042,Fiction/Stories,Contemporary Fiction,Hopeful | Educational | Suspenseful,contemporary fiction;fiction;novel;leisure-reading;story,"Told with a distinct narrative voice, this novel follows characters whose choices ripple across family, community, and circumstance. Written in the tradition of contemporary fiction, ""Bombay Duck Is a Fish"" explores themes of identity, belonging, and the choices that define a life. Its blend of atmosphere and character work has made it an enduring favourite for library borrowers.",2015,Reprint Edition,English,349,3.4
390,The Windfall,Diksha Basu,9789325445550,Fiction/Stories,Satire,Funny,satire;fiction;novel;leisure-reading;story,"Spanning years and relationships, this satire traces a protagonist forced to navigate love, loyalty, and the weight of the past. Written in the tradition of satire, ""The Windfall"" explores themes of identity, belonging, and the choices that define a life. The novel balances emotional depth with narrative pace, making it a perennial favourite among Indian readers.",2017,1st Edition,English,312,3.8
391,Seasons of Trouble,Rohini Mohan,9780086107343,Fiction/Stories,Nonfiction Narrative,Funny | Fantasy | Historical,nonfiction narrative;fiction;novel;leisure-reading;story,"Spanning years and relationships, this nonfiction narrative traces a journey that tests conviction as much as courage. Written in the tradition of nonfiction narrative, ""Seasons of Trouble"" explores themes of identity, belonging, and the choices that define a life. Its blend of atmosphere and character work has made it an enduring favourite for library borrowers.",2014,Paperback Edition,English,144,4.6
392,The Association of Small Bombs,Karan Mahajan,9780536675583,Fiction/Stories,Literary Fiction,Calm | Relaxing,literary fiction;fiction;novel;leisure-reading;story,"Told with a distinct narrative voice, this novel follows a protagonist forced to navigate love, loyalty, and the weight of the past. Written in the tradition of literary fiction, ""The Association of Small Bombs"" explores themes of identity, belonging, and the choices that define a life. It has earned a lasting place among readers who value a story that is both moving and memorable.",2016,Paperback Edition,English,392,4.8
393,Family Life,Akhil Sharma,9780518743682,Fiction/Stories,Literary Fiction,Funny | Mysterious,literary fiction;fiction;novel;leisure-reading;story,"Spanning years and relationships, this literary fiction traces a protagonist forced to navigate love, loyalty, and the weight of the past. Written in the tradition of literary fiction, ""Family Life"" explores themes of identity, belonging, and the choices that define a life. It has earned a lasting place among readers who value a story that is both moving and memorable.",2014,1st Edition,English,320,4.2
394,An Obedient Father,Akhil Sharma,9780969220961,Fiction/Stories,Literary Fiction,Romantic | Thought-provoking | Historical,literary fiction;fiction;novel;leisure-reading;story,"Spanning years and relationships, this literary fiction traces lives shaped by history, tradition, and the quiet pressure of expectation. Written in the tradition of literary fiction, ""An Obedient Father"" explores themes of identity, belonging, and the choices that define a life. The result is a story that lingers well beyond its final page, popular among readers who return to it again and again.",2000,Paperback Edition,English,125,3.4
395,A Life of Adventure and Delight,Akhil Sharma,9781803998114,Fiction/Stories,Short Stories,Thrilling,short stories;fiction;novel;leisure-reading;story,"Spanning years and relationships, this short stories traces a protagonist forced to navigate love, loyalty, and the weight of the past. Written in the tradition of short stories, ""A Life of Adventure and Delight"" explores themes of identity, belonging, and the choices that define a life. The result is a story that lingers well beyond its final page, popular among readers who return to it again and again.",2017,Reprint Edition,English,465,4.4
396,Latitudes of Longing,Shubhangi Swarup,9781956818086,Fiction/Stories,Magical Realism,Relaxing | Magical | Calm,magical realism;fiction;novel;leisure-reading;story,"Told with a distinct narrative voice, this novel follows a central figure caught between duty and desire. Written in the tradition of magical realism, ""Latitudes of Longing"" explores themes of identity, belonging, and the choices that define a life. The result is a story that lingers well beyond its final page, popular among readers who return to it again and again.",2018,Reprint Edition,English (Indian edition),325,4.3
397,The Far Field,Madhuri Vijay,9781967110001,Fiction/Stories,Literary Fiction,Dark,literary fiction;fiction;novel;leisure-reading;story,"Set against a richly drawn backdrop, this literary fiction follows individuals confronting change in a world that refuses to stay still. Written in the tradition of literary fiction, ""The Far Field"" explores themes of identity, belonging, and the choices that define a life. Its blend of atmosphere and character work has made it an enduring favourite for library borrowers.",2019,Reprint Edition,English (Indian edition),264,4.2
398,The White Mughals,William Dalrymple,9789347736216,Fiction/Stories,Historical Fiction,Fast-paced | Adventure,historical fiction;fiction;novel;leisure-reading;story;history,"Set against a richly drawn backdrop, this historical fiction follows a protagonist forced to navigate love, loyalty, and the weight of the past. Written in the tradition of historical fiction, ""The White Mughals"" explores themes of identity, belonging, and the choices that define a life. It has earned a lasting place among readers who value a story that is both moving and memorable.",2002,Special Edition,English (Indian edition),225,3.8
399,The Girl Who Played with Fire,Stieg Larsson,9789378771248,Fiction/Stories,Crime Fiction,Heartwarming | Fast-paced | Magical,crime fiction;fiction;novel;leisure-reading;story;suspense,"Set against a richly drawn backdrop, this crime fiction follows lives shaped by history, tradition, and the quiet pressure of expectation. Written in the tradition of crime fiction, ""The Girl Who Played with Fire"" explores themes of identity, belonging, and the choices that define a life. Widely read and re-read, it continues to resonate with readers looking for both entertainment and insight.",2006,Special Edition,English (Indian edition),299,3.9
400,The Girl Who Kicked the Hornet's Nest,Stieg Larsson,9780315988569,Fiction/Stories,Crime Fiction,Mysterious | Fast-paced,crime fiction;fiction;novel;leisure-reading;story;suspense,"This crime fiction follows a protagonist forced to navigate love, loyalty, and the weight of the past. Written in the tradition of crime fiction, ""The Girl Who Kicked the Hornet's Nest"" explores themes of identity, belonging, and the choices that define a life. Widely read and re-read, it continues to resonate with readers looking for both entertainment and insight.",2007,1st Edition,English,577,4.5
